Date,Russia_Total,Change,Ukraine_Total,Change,Ratio RU/UA,Russia_Destroyed,Ukraine_Destroyed,,Russia_Damaged,Ukraine_Damaged,,Russia_Abandoned,Ukraine_Abandoned,,Russia_Captured,Ukraine_Captured,,Russia_Tanks,Ukraine_Tanks,Russia_Tank_Capture,Ukraine_Tank_Capture,,Russia_AFV,Ukraine_AFV,Russia_AFV_Capture,Ukraine_AFV_Capture,,Russia_IFV,Ukraine_IFV,,Russia_APC,Ukraine_APC,,Russia_IMV,Ukraine_IMV,,Russia_Engineering,Ukraine_Engineering,,Russia_Coms,Ukraine_Coms,,Russia_Vehicles,Ukraine_Vehicles,,Russia_Aircraft,Ukraine_Aircraft,,Russia_Infantry,Ukraine_Infantry,,Russia_Logistics,Ukraine_Logistics,,Russia_Armor,Ukraine_Armor,,Russia_Antiair,Ukraine_Antiair,,Russia_Artillery,Ukraine_Artillery,,UNHCR_Ukraine_Border,UNHCR_Ukraine_Refugees,UNHCR_Returning_Ukraine_Refugees
2022-02-24,0,,0,,0.00,0,0,,0,0,,0,0,,0,0,,1,1,0,0,,5,2,1,2,,1,5,,0,2,,2,1,,3,0,,0,0,,9,16,,4,2,,3,8,,3,0,,6,3,,1,6,,0,2,,"84,681.00","84,681.00",
2022-02-25,52,52,59,59,0.88,25,27,,5,5,,2,10,,20,17,,2,4,0,1,,7,2,1,4,,4,6,,0,2,,5,1,,3,0,,0,0,,19,26,,5,3,,9,9,,3,0,,9,6,,2,8,,4,2,,"192,982.00","170,245.00","22,737.00"
2022-02-26,107,55,88,29,1.22,42,36,,6,4,,10,31,,49,17,,7,9,0,2,,7,10,1,4,,11,9,,0,3,,7,2,,12,0,,2,0,,37,32,,5,3,,18,14,,14,0,,14,19,,3,9,,4,4,,"341,301.00","306,171.00","35,130.00"
2022-02-27,161,54,96,8,1.68,71,38,,6,4,,22,35,,62,19,,9,9,0,2,,11,13,1,6,,15,9,,6,3,,11,4,,12,0,,2,0,,66,34,,6,3,,32,16,,14,0,,20,22,,4,9,,4,4,,"509,665.00","463,553.00","46,112.00"
2022-02-28,321,160,147,51,2.18,139,53,,7,4,,72,38,,103,52,,41,15,1,11,,31,21,5,10,,43,9,,14,9,,20,6,,16,0,,2,0,,108,35,,7,5,,77,24,,18,0,,72,36,,15,11,,9,7,,"672,139.00","616,830.00","55,309.00"
2022-03-01,358,37,151,4,2.37,154,55,,8,4,,81,39,,115,53,,44,15,1,11,,36,22,5,12,,48,9,,14,9,,22,6,,17,0,,3,0,,117,35,,9,5,,84,24,,20,0,,80,37,,16,11,,10,7,,"838,829.00","772,607.00","66,222.00"
2022-03-02,470,112,166,15,2.83,191,62,,7,4,,122,43,,150,57,,55,19,3,16,,49,22,5,17,,62,9,,24,9,,24,8,,23,0,,5,0,,162,40,,12,5,,110,26,,28,0,,104,41,,20,11,,16,9,,"1,033,312.00","956,714.00","76,598.00"
2022-03-03,529,59,180,14,2.94,217,69,,8,4,,129,43,,175,64,,65,29,10,22,,55,24,6,18,,71,18,,28,13,,24,11,,24,0,,7,0,,177,44,,12,5,,123,42,,31,0,,120,53,,20,12,,21,10,,"1,201,217.00","1,114,302.00","86,915.00"
2022-03-04,622,93,201,21,3.09,246,77,,9,4,,139,44,,228,76,,91,38,17,39,,65,25,7,27,,80,20,,33,14,,25,12,,26,0,,8,0,,204,47,,15,7,,138,46,,34,0,,156,63,,25,12,,24,10,,"1,373,316.00","1,276,927.00","96,389.00"
2022-03-05,724,102,229,28,3.16,285,83,,10,4,,147,44,,282,98,,106,40,19,50,,73,32,13,32,,105,23,,41,16,,29,13,,33,1,,8,0,,224,56,,22,8,,175,52,,41,1,,179,72,,27,13,,24,11,,"1,570,836.00","1,463,119.00","107,717.00"
2022-03-06,818,94,245,16,3.34,319,92,,10,4,,147,44,,342,105,,119,44,21,59,,78,33,14,36,,118,24,,49,16,,32,14,,35,1,,8,0,,255,64,,22,8,,199,54,,43,1,,197,77,,29,13,,42,12,,"1,779,996.00","1,661,621.00","118,375.00"
2022-03-07,870,52,249,4,3.49,348,93,,10,4,,147,44,,365,108,,136,45,21,68,,85,33,14,39,,126,24,,54,16,,32,17,,36,1,,8,0,,261,64,,24,8,,212,57,,44,1,,221,78,,31,13,,44,12,,"1,987,656.00","1,860,145.00","127,511.00"
2022-03-08,945,75,271,22,3.49,377,95,,13,5,,156,44,,399,127,,151,45,21,71,,92,36,17,43,,138,24,,53,17,,33,17,,37,1,,8,0,,296,70,,24,9,,224,58,,45,1,,243,81,,32,14,,47,21,,"2,172,694.00","2,035,268.00","137,426.00"
2022-03-09,969,24,274,3,3.54,386,96,,13,5,,158,43,,412,130,,156,45,21,71,,96,36,17,45,,141,24,,55,17,,33,17,,37,1,,8,0,,298,70,,24,11,,229,58,,45,1,,252,81,,32,14,,49,21,,"2,343,537.00","2,195,621.00","147,916.00"
2022-03-10,1009,40,277,3,3.64,407,97,,13,5,,157,43,,432,132,,166,46,21,76,,101,37,18,48,,151,25,,57,17,,34,17,,36,1,,8,0,,302,70,,27,11,,242,59,,44,1,,267,83,,36,14,,51,21,,"2,478,204.00","2,307,871.00","170,333.00"
2022-03-11,1104,95,303,26,3.64,455,115,,14,5,,171,45,,464,138,,190,52,26,85,,111,40,21,51,,165,37,,63,18,,35,18,,36,1,,8,0,,334,76,,29,14,,263,73,,44,1,,301,92,,38,14,,53,23,,"2,597,460.00","2,414,786.00","182,674.00"
2022-03-12,1136,32,318,15,3.57,474,120,,14,5,,172,45,,476,148,,193,57,29,88,,111,43,23,51,,171,38,,64,18,,35,19,,37,1,,9,0,,343,79,,32,14,,270,75,,46,1,,304,100,,40,14,,55,23,,"2,713,282.00","2,517,481.00","195,801.00"
2022-03-13,1149,13,323,5,3.56,482,121,,14,5,,174,45,,479,152,,198,59,31,89,,112,44,24,51,,173,38,,64,19,,35,19,,38,1,,9,0,,346,79,,33,14,,272,76,,47,1,,310,103,,40,15,,55,23,,"2,838,599.00","2,630,367.00","208,232.00"
2022-03-14,1262,113,335,12,3.77,536,129,,18,5,,195,46,,513,155,,209,62,31,95,,128,44,24,57,,185,40,,64,19,,37,21,,41,1,,9,0,,407,83,,35,14,,286,80,,50,1,,337,106,,40,16,,57,23,,"2,952,275.00","2,734,666.00","217,609.00"
2022-03-15,1308,46,356,21,3.67,554,134,,19,5,,207,47,,528,170,,217,63,31,99,,136,45,24,57,,194,42,,67,19,,38,23,,41,1,,9,0,,414,85,,36,15,,299,84,,50,1,,353,108,,42,17,,62,24,,"3,063,095.00","2,834,469.00","228,626.00"
2022-03-16,1357,49,361,5,3.76,587,135,,20,5,,210,47,,540,174,,229,63,31,102,,140,45,24,59,,201,42,,68,21,,38,24,,41,1,,9,0,,420,85,,53,16,,307,87,,50,1,,369,108,,42,17,,63,25,,"3,169,897.00","2,928,806.00","241,091.00"
2022-03-17,1466,109,371,10,3.95,666,142,,24,5,,215,48,,561,176,,237,64,31,105,,150,46,24,62,,211,43,,69,22,,50,24,,43,1,,9,0,,482,87,,53,17,,330,89,,52,1,,387,110,,43,20,,67,25,,"3,264,054.00","3,009,980.00","254,074.00"
2022-03-18,1532,66,386,15,3.97,709,151,,27,5,,222,49,,574,181,,244,65,31,106,,163,47,24,65,,225,47,,70,24,,52,27,,43,1,,9,0,,499,89,,56,18,,347,98,,52,1,,407,112,,46,21,,70,25,,"3,328,692.00","3,058,505.00","270,187.00"
2022-03-19,1581,49,388,2,4.07,748,153,,27,5,,224,49,,582,181,,251,65,31,106,,165,47,24,64,,232,48,,70,24,,52,27,,43,1,,11,0,,520,89,,57,18,,354,99,,54,1,,416,112,,46,21,,71,26,,"3,389,044.00","3,100,170.00","288,874.00"
2022-03-20,1659,78,397,9,4.18,799,160,,30,5,,221,49,,609,183,,263,65,31,111,,173,47,24,65,,244,51,,70,25,,55,29,,44,1,,11,0,,544,89,,61,20,,369,105,,55,1,,436,112,,50,21,,75,26,,"3,489,644.00","3,184,077.00","305,567.00"
2022-03-21,1662,3,500,103,3.32,800,185,,30,10,,222,37,,610,268,,263,69,36,111,,173,59,35,65,,245,54,,70,25,,55,29,,44,1,,11,0,,544,163,,62,20,,370,108,,55,1,,436,128,,50,28,,76,31,,"3,557,245.00","3,239,481.00","317,764.00"
2022-03-22,1704,42,501,1,3.40,824,185,,32,10,,221,37,,627,269,,270,69,36,114,,179,59,35,68,,255,54,,70,26,,55,29,,46,1,,11,0,,547,163,,63,20,,380,109,,57,1,,449,128,,50,28,,85,31,,"3,626,546.00","3,295,412.00","331,134.00"
2022-03-23,1750,46,515,14,3.40,854,192,,32,11,,223,37,,641,275,,277,71,37,117,,190,60,35,72,,260,54,,70,26,,57,29,,46,1,,11,0,,567,171,,66,21,,387,109,,57,1,,467,131,,51,28,,87,31,,"3,674,952.00","3,330,087.00","344,865.00"
2022-03-24,1785,35,534,19,3.34,871,204,,34,16,,228,37,,652,277,,280,72,38,118,,198,60,35,77,,262,58,,71,26,,57,29,,47,1,,11,0,,579,179,,66,21,,390,113,,58,1,,478,132,,51,30,,92,33,,"3,725,806.00","3,366,245.00","359,561.00"
2022-03-25,1856,71,540,6,3.44,916,206,,35,16,,228,37,,677,281,,295,75,40,125,,210,60,35,81,,280,58,,76,26,,62,29,,52,1,,11,0,,587,180,,67,22,,418,113,,63,1,,505,135,,51,30,,94,34,,"3,772,599.00","3,396,835.00","375,764.00"
2022-03-26,1887,31,557,17,3.39,936,209,,35,16,,229,37,,687,295,,298,77,42,126,,217,60,35,82,,289,60,,76,28,,63,32,,55,6,,11,0,,592,180,,67,22,,428,120,,66,6,,515,137,,51,32,,97,37,,"3,821,049.00","3,425,591.00","395,458.00"
2022-03-27,1986,99,574,17,3.46,985,225,,37,16,,232,37,,732,296,,310,77,42,131,,229,61,35,87,,303,60,,77,28,,63,32,,60,7,,12,0,,629,186,,68,22,,443,120,,72,7,,539,138,,52,32,,101,41,,"3,866,224.00","3,453,623.00","412,601.00"
2022-03-28,2019,33,574,0,3.52,1004,225,,38,16,,232,37,,745,296,,318,77,42,134,,232,61,35,89,,307,60,,79,28,,64,32,,61,7,,12,0,,640,186,,68,22,,450,120,,73,7,,550,138,,52,32,,101,41,,"3,901,713.00","3,473,475.00","428,238.00"
2022-03-29,2085,66,578,4,3.61,1041,229,,38,16,,235,37,,771,296,,340,77,42,142,,240,61,35,92,,322,60,,80,28,,66,35,,64,7,,13,0,,650,187,,70,22,,468,123,,77,7,,580,138,,52,32,,103,41,,"4,019,287.00","3,574,393.00","444,894.00"
2022-03-30,2111,26,624,46,3.38,1061,262,,41,17,,233,37,,776,308,,347,78,42,142,,243,63,35,96,,325,63,,81,28,,69,40,,65,7,,13,0,,650,201,,71,25,,475,131,,78,7,,590,141,,53,47,,109,44,,"4,059,105.00","3,596,227.00","462,878.00"
2022-03-31,2147,36,656,32,3.27,1085,283,,41,18,,234,37,,787,318,,352,87,43,144,,244,65,35,96,,346,70,,81,30,,70,45,,67,9,,13,0,,652,205,,70,26,,497,145,,80,9,,596,152,,54,47,,109,44,,"4,102,876.00","3,621,206.00","481,670.00"
2022-04-01,2278,131,659,3,3.46,1155,285,,41,18,,233,37,,849,319,,388,86,43,161,,263,65,35,108,,374,72,,81,30,,72,47,,70,9,,14,0,,667,205,,74,26,,527,149,,84,9,,651,151,,56,47,,112,44,,"4,137,842.00","3,636,719.00","501,123.00"
2022-04-02,2286,8,660,1,3.46,1158,286,,41,18,,234,37,,853,319,,391,86,43,163,,266,65,35,109,,374,72,,81,30,,73,47,,70,9,,15,0,,667,205,,74,27,,528,149,,85,9,,657,151,,56,47,,113,44,,"4,176,401.00","3,651,195.00","525,206.00"
2022-04-03,2393,107,674,14,3.55,1207,296,,41,19,,232,37,,913,322,,410,90,44,168,,279,66,36,115,,399,74,,84,30,,74,48,,73,9,,15,0,,694,205,,78,27,,557,152,,88,9,,689,156,,57,51,,123,44,,"4,215,047.00","3,670,668.00","544,379.00"
2022-04-04,2437,44,680,6,3.58,1235,300,,39,20,,236,37,,927,323,,425,91,44,176,,279,65,35,116,,410,76,,87,30,,77,48,,77,9,,16,0,,698,205,,79,27,,574,154,,93,9,,704,156,,62,54,,128,45,,"4,244,595.00","3,683,163.00","561,432.00"
2022-04-05,2491,54,684,4,3.64,1270,303,,38,20,,238,37,,945,324,,427,91,44,176,,279,65,35,116,,446,76,,87,30,,77,48,,80,9,,16,0,,714,205,,74,31,,610,154,,96,9,,706,156,,63,54,,129,45,,"4,278,789.00","3,699,474.00","579,315.00"
2022-04-06,2572,81,689,5,3.73,1322,305,,38,21,,238,37,,974,326,,452,92,44,181,,283,65,35,118,,453,76,,89,31,,81,49,,86,9,,19,0,,728,206,,74,31,,623,156,,105,9,,735,157,,70,54,,135,45,,"4,319,494.00","3,721,137.00","598,357.00"
2022-04-07,2608,36,697,8,3.74,1351,311,,38,24,,237,37,,982,325,,448,93,44,182,,284,65,35,118,,465,74,,90,31,,81,49,,86,10,,19,0,,750,210,,74,30,,636,154,,105,10,,732,158,,73,56,,135,45,,"4,382,316.00","3,766,416.00","615,900.00"
2022-04-08,2616,8,701,4,3.73,1358,311,,38,24,,237,37,,983,329,,449,95,46,182,,284,65,35,118,,466,74,,91,32,,81,49,,87,9,,19,0,,751,211,,76,30,,638,155,,106,9,,733,160,,73,56,,136,45,,"4,441,663.00","3,805,651.00","636,012.00"
2022-04-09,2702,86,717,16,3.77,1419,323,,39,24,,236,37,,1008,333,,456,96,46,184,,289,68,36,119,,485,79,,95,32,,90,50,,92,9,,20,0,,779,216,,78,30,,670,161,,112,9,,745,164,,73,57,,143,45,,"4,503,954.00","3,842,393.00","661,561.00"
2022-04-10,2746,44,728,11,3.77,1443,333,,39,24,,233,37,,1031,334,,467,96,46,188,,255,70,38,106,,489,79,,96,32,,90,50,,99,9,,61,0,,787,223,,79,30,,675,161,,160,9,,722,166,,74,59,,146,45,,"4,547,735.00","3,863,278.00","684,457.00"
2022-04-11,2770,24,739,11,3.75,1456,339,,39,23,,234,35,,1041,342,,476,103,51,192,,256,71,39,106,,497,82,,96,32,,91,51,,101,9,,61,0,,787,224,,80,30,,684,165,,162,9,,732,174,,74,59,,148,45,,"4,615,830.00","3,910,384.00","705,446.00"
2022-04-12,2799,29,757,18,3.70,1472,345,,39,23,,234,35,,1054,354,,488,107,54,198,,258,74,42,106,,503,83,,96,34,,90,54,,102,10,,62,0,,789,224,,80,33,,689,171,,164,10,,746,181,,75,60,,149,46,,"4,656,509.00","3,929,223.00","727,286.00"
2022-04-13,2884,85,774,17,3.73,1538,353,,44,23,,236,35,,1066,363,,505,111,58,200,,263,74,42,106,,520,85,,97,40,,91,58,,105,10,,62,0,,823,225,,81,33,,708,183,,167,10,,768,185,,76,60,,150,46,,"4,736,471.00","3,984,484.00","751,987.00"
2022-04-14,2897,13,789,15,3.67,1545,365,,44,23,,237,35,,1071,366,,507,112,58,201,,264,75,43,106,,520,85,,97,40,,91,59,,105,11,,63,0,,826,231,,84,34,,708,184,,168,11,,771,187,,76,62,,152,47,,"4,796,245.00","4,016,752.00","779,493.00"
2022-04-15,2899,2,790,1,3.67,1548,365,,44,23,,237,35,,1070,367,,507,112,58,201,,263,75,43,105,,520,85,,97,40,,91,59,,105,11,,63,0,,826,231,,86,34,,708,184,,168,11,,770,187,,76,62,,152,47,,"4,836,445.00","4,026,179.00","810,266.00"
2022-04-16,2917,18,813,23,3.59,1551,376,,44,22,,238,35,,1084,380,,505,123,64,201,,278,75,43,115,,521,87,,97,45,,93,61,,106,12,,63,0,,827,231,,86,35,,711,193,,169,12,,783,198,,76,62,,152,49,,"4,869,019.00","4,025,643.00","843,376.00"
2022-04-17,2960,43,822,9,3.60,1570,382,,44,22,,239,35,,1107,383,,510,124,65,203,,303,76,44,127,,523,88,,97,46,,93,61,,108,12,,63,0,,832,236,,89,35,,713,195,,171,12,,813,200,,76,62,,153,49,,"4,934,415.00","4,066,701.00","867,714.00"
2022-04-18,2992,32,836,14,3.58,1581,385,,46,22,,244,36,,1121,393,,519,124,65,207,,306,76,44,128,,532,88,,101,47,,94,64,,109,12,,63,0,,834,243,,91,37,,727,199,,172,12,,825,200,,76,63,,153,49,,"4,980,589.00","4,094,320.00","886,269.00"
2022-04-19,2997,5,843,7,3.56,1586,388,,46,22,,244,36,,1121,397,,519,124,65,207,,306,76,44,128,,532,88,,101,49,,96,65,,109,12,,63,0,,834,244,,94,37,,729,202,,172,12,,825,200,,76,63,,153,51,,"5,034,439.00","4,124,031.00","910,408.00"
2022-04-20,3044,47,866,23,3.52,1615,393,,48,22,,243,35,,1138,416,,525,131,73,211,,311,80,47,130,,557,90,,101,52,,95,67,,110,12,,63,0,,841,248,,96,37,,753,209,,173,12,,836,211,,77,63,,153,51,,"5,085,360.00","4,147,077.00","938,283.00"
2022-04-21,3080,36,874,8,3.52,1635,399,,47,22,,243,35,,1155,418,,531,134,73,212,,314,80,47,131,,561,91,,101,53,,95,69,,111,12,,63,0,,856,249,,102,37,,757,213,,174,12,,845,214,,77,63,,153,51,,"5,133,747.00","4,166,803.00","966,944.00"
2022-04-22,3080,0,875,1,3.52,1635,400,,47,22,,243,35,,1155,418,,531,134,73,212,,314,80,47,131,,561,91,,101,53,,95,69,,111,12,,63,0,,856,249,,102,38,,757,213,,174,12,,845,214,,77,63,,153,51,,"5,163,686.00","4,167,450.00","996,236.00"
2022-04-23,3126,46,879,4,3.56,1653,403,,51,22,,253,35,,1169,419,,543,134,72,212,,315,80,47,132,,576,93,,102,53,,99,71,,114,12,,65,0,,857,249,,105,38,,777,217,,179,12,,858,214,,77,63,,156,51,,"5,186,744.00","4,165,782.00","1,020,962.00"
2022-04-24,3155,29,882,3,3.58,1669,405,,52,22,,259,35,,1175,420,,551,134,72,215,,318,83,49,132,,591,93,,102,53,,99,70,,114,12,,65,0,,857,250,,105,38,,792,216,,179,12,,869,217,,77,63,,157,51,,"5,232,014.00","4,196,676.00","1,035,338.00"
2022-04-25,3198,43,903,21,3.54,1695,419,,55,22,,259,35,,1189,427,,562,139,73,214,,318,85,50,132,,610,96,,103,53,,100,73,,118,12,,66,0,,861,256,,106,39,,813,222,,184,12,,880,224,,77,63,,158,52,,"5,264,767.00","4,214,801.00","1,049,966.00"
2022-04-26,3219,21,910,7,3.54,1715,423,,55,22,,259,35,,1190,430,,571,139,73,215,,320,85,50,132,,613,100,,103,54,,100,73,,118,12,,67,0,,862,258,,110,39,,816,227,,185,12,,891,224,,77,63,,158,52,,"5,317,219.00","4,247,788.00","1,069,431.00"
2022-04-27,3241,22,926,16,3.50,1729,433,,56,22,,262,35,,1194,436,,579,140,73,215,,321,86,50,132,,619,102,,103,55,,101,74,,118,12,,67,0,,867,263,,111,43,,823,231,,185,12,,900,226,,77,62,,158,53,,"5,372,845.00","4,279,722.00","1,093,123.00"
2022-04-28,3249,8,940,14,3.46,1734,439,,56,22,,262,35,,1197,444,,584,142,73,216,,321,87,50,132,,621,105,,103,55,,101,81,,119,12,,67,0,,867,264,,113,45,,825,241,,186,12,,905,229,,77,62,,158,53,,"5,429,739.00","4,311,117.00","1,118,622.00"
2022-04-29,3260,11,947,7,3.44,1742,443,,56,22,,262,35,,1200,447,,587,144,73,217,,322,87,50,133,,622,105,,103,57,,101,82,,119,12,,67,0,,870,266,,113,45,,826,244,,186,12,,909,231,,78,62,,158,53,,"5,468,629.00","4,322,450.00","1,146,179.00"
2022-04-30,3311,51,952,5,3.48,1777,446,,58,22,,266,35,,1210,449,,595,144.00,73,221.00,,319,88.00,51,129.00,,648,105.00,,103,57.00,,101,83,,121,12,,71,0,,878,269,,114,45,,852,245,,192,12,,914,232,,79,62,,161,53,,"5,535,178.00","4,356,285.00","1,178,893.00"
2022-05-01,3319,8,957,5,3.47,1786,449,,58,22,,266,35,,1209,451,,606,145,73,229,,322,89,52,129,,651,105,,103,57,,101,85,,121,12,,71,0,,878,269,,114,46,,855,247,,192,12,,928,234,,79,62,,161,53,,"5,563,959.00","4,357,024.00","1,206,935.00"
2022-05-02,3342,23,967,10,3.46,1805,452,,59,22,,266,35,,1212,458,,600,145,73,222,,324,89,52,129,,652,106,,105,59,,102,85,,121,12,,71,0,,884,271,,115,46,,859,250,,192,12,,924,234,,80,66,,161,53,,"5,597,483.00","4,367,472.00","1,230,011.00"
2022-05-03,3374,32,978,11,3.45,1826,456,,59,22,,266,35,,1223,465,,600,149,76,221,,327,89,52,129,,661,106,,107,59,,102,85,,122,12,,72,0,,894,279,,119,46,,870,250,,194,12,,927,238,,81,66,,161,52,,"5,657,185.00","4,404,946.00","1,252,239.00"
2022-05-04,3417,43,983,5,3.48,1860,458,,63,22,,266,35,,1228,468,,605,149,76,222,,341,89,52,129,,667,106,,108,59,,102,85,,123,12,,72,0,,907,281,,121,46,,877,250,,195,12,,946,238,,81,66,,162,55,,"5,707,967.00","4,432,675.00","1,275,292.00"
2022-05-05,3445,28,987,4,3.49,1883,459,,64,22,,264,35,,1234,471,,608,149,76,223,,349,89,52,129,,675,108,,108,59,,102,87,,123,12,,73,0,,915,281,,123,46,,885,254,,196,12,,957,238,,81,66,,162,55,,"5,757,014.00","4,457,073.00","1,299,941.00"
2022-05-06,3471,26,992,5,3.50,1906,459,,65,23,,264,35,,1236,475,,625,151,76,227,,351,90,53,127,,686,110,,108,60,,102,87,,123,12,,73,0,,916,281,,117,45,,896,257,,196,12,,976,241,,82,66,,162,55,,"5,801,159.00","4,477,046.00","1,324,113.00"
2022-05-07,3475,4,1000,8,3.48,1908,465,,67,24,,262,35,,1238,476,,623,153,76,228,,338,90,53,122,,686,111,,108,61,,102,87,,122,13,,73,0,,918,281,,117,46,,896,259,,195,13,,961,243,,83,68,,162,55,,"5,852,526.00","4,503,141.00","1,349,385.00"
2022-05-08,3514,39,1001,1,3.51,1927,465,,67,24,,272,35,,1248,477,,633,154,77,232,,342,90,53,124,,694,111,,108,61,,103,87,,129,13,,73,0,,919,281,,121,46,,905,259,,202,13,,975,244,,83,68,,164,55,,"5,890,875.00","4,520,476.00","1,370,399.00"
2022-05-09,3570,56,1009,8,3.54,1969,470,,70,24,,273,35,,1258,480,,641,155,78,233,,344,90,53,125,,702,112,,108,63,,108,87,,133,13,,73,0,,942,284,,122,47,,918,262,,206,13,,985,245,,84,68,,165,55,,"5,917,703.00","4,528,664.00","1,389,039.00"
2022-05-10,3579,9,1015,6,3.53,1972,474,,70,24,,273,35,,1264,482,,645,157,79,236,,345,90,53,126,,704,112,,108,64,,108,88,,133,13,,73,0,,942,284,,123,47,,920,264,,206,13,,990,247,,84,68,,166,56,,"5,981,358.00","4,564,369.00","1,416,989.00"
2022-05-11,3623,44,1021,6,3.55,2006,479,,71,24,,273,35,,1273,483,,662,160,80,238,,356,90,53,128,,705,112,,108,64,,108,89,,133,13,,73,0,,948,285,,125,49,,921,265,,206,13,,1018,250,,84,68,,170,56,,"6,029,705.00","4,579,209.00","1,450,496.00"
2022-05-12,3623,0,1021,0,3.55,2006,479,,71,24,,273,35,,1273,483,,662,160,80,238,,356,90,53,128,,705,112,,108,64,,108,89,,133,13,,73,0,,948,285,,125,49,,921,265,,206,13,,1018,250,,84,68,,170,56,,"6,080,239.00","4,596,490.00","1,483,749.00"
2022-05-13,3659,36,1040,19,3.52,2027,486,,74,24,,280,35,,1278,495,,668,160,80,239,,361,81,49,129,,716,117,,108,66,,108,93,,134,13,,73,2,,955,289,,128,49,,932,276,,207,15,,1029,241,,84,68,,173,57,,"6,111,172.00","4,589,798.00","1,521,374.00"
2022-05-14,3675,16,1045,5,3.52,2034,488,,74,24,,283,35,,1284,498,,669,163,82,239,,365,81,49,131,,721,117,,108,67,,109,93,,136,13,,74,2,,957,290,,128,49,,938,277,,210,15,,1034,244,,84,68,,173,57,,"6,175,790.00","4,613,957.00","1,561,833.00"
2022-05-15,3675,0,1045,0,3.52,2034,488,,74,24,,283,35,,1284,498,,669,163,82,239,,365,81,49,131,,721,117,,108,67,,109,93,,136,13,,74,2,,957,290,,128,49,,938,277,,210,15,,1034,244,,84,68,,173,57,,"6,223,821.00","4,628,276.00","1,595,545.00"
2022-05-16,3675,0,1045,0,3.52,2034,488,,74,24,,283,35,,1284,498,,669,163,82,239,,365,81,49,131,,721,117,,108,67,,109,93,,136,13,,74,2,,957,290,,128,49,,938,277,,210,15,,1034,244,,84,68,,173,57,,"6,266,844.00","4,638,761.00","1,628,083.00"
2022-05-17,3675,0,1045,0,3.52,2034,488,,74,24,,283,35,,1284,498,,669,163,82,239,,365,81,49,131,,721,117,,108,67,,109,93,,136,13,,74,2,,957,290,,128,49,,938,277,,210,15,,1034,244,,84,68,,173,57,,"6,312,255.00","4,652,295.00","1,659,960.00"
2022-05-18,3675,0,1045,0,3.52,2034,488,,74,24,,283,35,,1284,498,,669,163,82,239,,365,81,49,131,,721,117,,108,67,,109,93,,136,13,,74,2,,957,290,,128,49,,938,277,,210,15,,1034,244,,84,68,,173,57,,"6,361,116.00","4,666,481.00","1,694,635.00"
2022-05-19,3681,6,1046,1,3.52,2035,489,,74,24,,288,35,,1284,498,,671,163,82,239,,365,81,49,131,,725,117,,108,67,,109,93,,136,13,,74,2,,957,290,,128,49,,942,277,,210,15,,1036,244,,84,68,,173,57,,"6,409,355.00","4,680,586.00","1,728,769.00"
2022-05-20,3709,28,1057,11,3.51,2055,493,,74,25,,290,35,,1290,504,,682,169,85,241,,368,81,49,132,,730,119,,108,67,,109,93,,136,13,,75,2,,958,290,,131,49,,947,279,,211,15,,1050,250,,87,68,,173,59,,"6,444,009.00","4,678,666.00","1,765,343.00"
2022-05-21,3732,23,1063,6,3.51,2075,497,,74,25,,290,35,,1293,506,,685,171,85,241,,369,83,50,132,,737,120,,109,67,,109,93,,136,13,,76,2,,960,290,,133,50,,955,280,,212,15,,1054,254,,88,68,,175,59,,"6,511,260.00","4,704,882.00","1,806,378.00"
2022-05-22,3794,62,1069,6,3.55,2117,502,,75,25,,292,35,,1310,507,,691,176,87,243,,383,83,50,133,,754,121,,110,65,,109,93,,136,13,,76,2,,971,291,,142,51,,973,279,,212,15,,1074,259,,88,68,,178,59,,"6,552,971.00","4,707,513.00","1,845,458.00"
2022-05-23,3915,121,1071,2,3.66,2228,504,,75,25,,292,35,,1320,507,,694,176,87,243,,391,83,50,134,,756,121,,110,65,,109,93,,136,13,,77,2,,1075,291,,143,53,,975,279,,213,15,,1085,259,,88,68,,178,59,,"6,595,675.00","4,722,554.00","1,873,121.00"
2022-05-24,4033,118,1071,0,3.77,2330,504,,75,25,,294,35,,1334,507,,696,176,87,242,,396,83,50,134,,763,121,,111,65,,109,93,,138,13,,77,2,,1177,291,,143,53,,983,279,,215,15,,1092,259,,88,68,,178,59,,"6,642,659.00","4,740,366.00","1,902,293.00"
2022-05-25,4100,67,1077,6,3.81,2382,510,,75,25,,305,35,,1338,507,,718,177,87,244,,400,83,50,134,,793,121,,111,65,,110,93,,143,13,,78,2,,1177,294,,145,53,,1014,279,,221,15,,1118,260,,88,68,,178,60,,"6,659,220.00","4,727,471.00","1,931,749.00"
2022-05-26,4146,46,1076,-1,3.85,2408,510,,75,25,,317,35,,1346,506,,733,177,87,246,,404,83,50,135,,802,121,,111,64,,110,93,,156,13,,79,2,,1182,294,,148,53,,1023,278,,235,15,,1137,260,,88,68,,178,60,,"6,700,411.00","4,762,770.00","1,937,641.00"
2022-05-27,4155,9,1082,6,3.84,2416,511,,75,25,,317,35,,1347,511,,734,177,87,247,,405,84,51,135,,804,121,,112,64,,110,95,,156,13,,79,2,,1184,295,,149,53,,1026,280,,235,15,,1139,261,,89,68,,178,62,,"6,737,208.00","4,764,065.00","1,973,143.00"
2022-05-28,4173,18,1105,23,3.78,2429,525,,75,25,,316,35,,1353,520,,736,185,92,248,,411,83,50,135,,806,122,,112,64,,110,51,,159,13,,79,2,,1185,295,,151,57,,1028,237,,238,15,,1147,268,,88,69,,180,64,,"6,771,963.00","4,760,304.00","2,011,659.00"
2022-05-29,4178,5,1106,1,3.78,2432,526,,75,25,,316,35,,1355,520,,738,185,92,248,,411,83,50,135,,809,122,,112,64,,110,51,,159,13,,79,2,,1184,295,,151,58,,1031,237,,238,15,,1149,268,,88,69,,181,64,,"6,801,987.00","4,753,851.00","2,048,136.00"
2022-05-30,4187,9,1116,10,3.75,2439,530,,75,24,,316,35,,1357,527,,741,186,92,251,,411,83,50,135,,818,129,,112,65,,110,51.5,,159,13,,79,2,,1185,295,,147,55,,1040,245.5,,238,15,,1152,269,,88,69,,181,67,,"6,888,355.00","4,807,807.00","2,080,548.00"
2022-05-31,4191,4,1120,4,3.74,2443,532,,75,24,,316,35,,1357,529,,742,187,93,252,,412,84,50,135,,819,130,,112,65,,110,52,,159,13,,79,2,,1186,295,,148,55,,1041,247,,238,15,,1154,271,,88,69,,181,67,,"6,937,546.00","4,844,780.00","2,092,766.00"
2022-06-01,4205,14,1122,2,3.75,2455,535,,72,24,,316,35,,1362,528,,747,187,93,254,,413,85,50,135,,825,130,,112,65,,110,51.5,,159,13,,79,2,,1187,295,,149,55,,1047,246.5,,238,15,,1160,272,,88,69,,181,69,,"6,983,041.00","4,834,344.00","2,148,697.00"
2022-06-02,4211,6,1122,0,3.75,2458,535,,72,24,,316,35,,1365,528,,749,187,93,255,,413,85,50,135,,825,130,,112,65,,110,51.5,,159,13,,79,2,,1187,295,,153,55,,1047,246.5,,238,15,,1162,272,,88,69,,181,69,,"7,011,820.00","4,909,773.00","2,102,047.00"
2022-06-03,4213,2,1122,0,3.75,2458,535,,72,24,,316,35,,1367,528,,751,187,93,257,,413,85,50,135,,825,130,,112,65,,110,51.5,,159,13,,79,2,,1187,295,,153,55,,1047,246.5,,238,15,,1164,272,,88,69,,181,69,,"7,041,655.00","4,869,394.00","2,172,261.00"
2022-06-04,4237,24,1130,8,3.75,2475,541,,73,24,,318,35,,1371,530,,761,190,95,259,,416,85,50,135,,829,131,,112,66,,110,52,,159,13,,80,2,,1189,297,,154,55,,1051,249,,239,15,,1177,275,,88,69,,182,70,,"7,071,169.00","4,874,326.00","2,196,843.00"
2022-06-05,4237,0,1133,3,3.74,2477,541,,73,24,,317,35,,1370,533,,759,191,96,259,,417,85,50,135,,828,131,,112,66,,110,52.5,,159,13,,80,2,,1190,297,,155,55,,1050,249.5,,239,15,,1176,276,,88,69,,182,70,,"7,096,489.00","4,871,810.00","2,224,679.00"
2022-06-06,4245,8,1137,4,3.73,2483,543,,74,24,,316,35,,1372,535,,761,191,96,259,,417,87,52,135,,832,131,,115,66,,110,52.5,,159,13,,80,2,,1191,298,,155,56,,1057,249.5,,239,15,,1178,278,,88,69,,181,70,,"7,122,084.00","4,871,474.00","2,250,610.00"
2022-06-07,4254,9,1139,2,3.73,2490,545,,75,24,,316,35,,1373,535,,761,191,96,259,,419,87,52,135,,834,132,,115,66,,110,52.5,,159,13,,80,2,,1194,298,,156,57,,1059,250.5,,239,15,,1180,278,,88,69,,181,70,,"7,151,034.00","4,877,874.00","2,273,160.00"
2022-06-08,4271,17,1139,0,3.75,2506,545,,78,24,,316,35,,1371,535,,760,191,96,258,,419,87,52,134,,840,132,,115,66,,112,52.5,,158,13,,80,2,,1200,298,,157,57,,1067,250.5,,238,15,,1179,278,,88,69,,182,70,,"7,313,667.00","4,951,294.00","2,362,373.00"
2022-06-09,4273,2,1142,3,3.74,2509,545,,78,25,,315,35,,1371,537,,762,192,97,258,,420,87,52,134,,840,132,,115,66,,108,53,,158,13,,80,2,,1202,298,,157,57,,1063,251,,238,15,,1182,279,,88,69,,182,71,,"7,363,623.00","4,975,789.00","2,387,834.00"
2022-06-10,4306,33,1147,5,3.75,2539,548,,79,27,,317,35,,1371,537,,766,193,97,259,,422,87,52,134,,845,132,,116,66,,108,53,,157,13,,80,2,,1212,298,,159,58,,1069,251,,237,15,,1188,280,,88,69,,183,73,,"7,420,775.00","5,003,122.00","2,417,653.00"
2022-06-11,4312,6,1147,0,3.76,2544,548,,79,27,,317,35,,1372,537,,767,193,97,259,,422,87,52,134,,846,132,,116,66,,108,53,,157,13,,80,2,,1215,298,,159,58,,1070,251,,237,15,,1189,280,,88,69,,184,73,,"7,476,185.00","5,028,326.00","2,447,859.00"
2022-06-12,4338,26,1147,0,3.78,2564,548,,81,27,,317,35,,1376,537,,774,193,97,262,,426,87,52,134,,848,132,,116,66,,108,53,,157,13,,80,2,,1226,298,,160,58,,1072,251,,237,15,,1200,280,,88,69,,185,73,,"7,521,823.00","5,046,033.00","2,475,790.00"
2022-06-13,4349,11,1151,4,3.78,2573,550,,81,27,,319,35,,1376,539,,774,193,97,262,,430,87,52,134,,851,134,,116,66,,108,53,,157,13,,80,2,,1226,298,,161,60,,1075,253,,237,15,,1204,280,,88,69,,185,73,,"7,567,024.00","5,087,626.00","2,479,398.00"
2022-06-14,4353,4,1151,0,3.78,2577,550,,81,27,,319,35,,1376,539,,774,193,97,262,,432,87,52,134,,853,134,,116,66,,108,53,,157,13,,80,2,,1226,298,,161,60,,1077,253,,237,15,,1206,280,,88,69,,185,73,,"7,616,655.00","5,064,844.00","2,551,811.00"
2022-06-15,4353,0,1158,7,3.76,2577,557,,81,27,,319,35,,1376,539,,774,193,97,262,,432,89,52,134,,853,135,,116,67,,108,53,,157,13,,80,2,,1226,299,,161,61,,1077,255,,237,15,,1206,282,,88,69,,185,74,,"7,671,621.00","5,088,571.00","2,583,050.00"
2022-06-16,4344,-9,1159,1,3.75,2571,557,,80,27,,318,35,,1375,540,,781,193,97,263,,432,89,52,134,,854,135,,116,67,,108,104,,157,13,,80,2,,1200,299,,166,61,,1078,306,,237,15,,1213,282,,88,69,,185,74,,"7,703,857.00","5,108,390.00","2,595,467.00"
2022-06-17,4344,0,1159,0,3.75,2571,557,,80,27,,318,35,,1375,540,,781,193,97,263,,432,89,52,134,,854,135,,116,67,,108,104,,157,13,,80,2,,1200,299,,166,61,,1078,306,,237,15,,1213,282,,88,69,,185,74,,"7,786,169.00","5,079,076.00","2,707,093.00"
2022-06-18,4337,-7,1159,0,3.74,2583,557,,83,27,,322,35,,1349,540,,762,193,97,250,,432,89,52,132,,854,135,,116,67,,108,104,,168,13,,86,2,,1181,299,,167,61,,1078,306,,254,15,,1194,282,,88,69,,186,74,,"7,843,040.00","5,102,693.00","2,740,347.00"
2022-06-19,4359,22,1172,13,3.72,2601,566,,82,28,,321,35,,1355,543,,767,195,98,252,,434,90,52,133,,865,138,,117,68,,108,106,,166,15,,85,3,,1183,299,,169,62,,1090,312,,251,18,,1201,285,,88,69,,189,74,,"7,899,287.00","5,126,097.00","2,773,190.00"
2022-06-20,4359,0,1174,2,3.71,2601,569,,82,28,,321,34,,1355,543,,767,195,98,252,,434,90,52,133,,865,138,,117,67,,108,109,,166,15,,85,3,,1183,299,,169,62,,1090,314,,251,18,,1201,285,,88,69,,189,74,,"7,950,234.00","5,146,139.00","2,804,095.00"
2022-06-21,4375,16,1184,10,3.70,2614,577,,84,28,,322,36,,1355,543,,770,197,98,252,,435,90,52,133,,873,142,,117,67,,108,109,,166,15,,85,3,,1184,301,,172,62,,1098,318,,251,18,,1205,287,,88,69,,189,76,,"8,007,015.00","5,170,452.00","2,836,563.00"
2022-06-22,4375,0,1184,0,3.70,2614,577,,84,28,,322,36,,1355,543,,770,197,98,252,,435,90,52,133,,873,142,,117,67,,108,109,,166,15,,85,3,,1184,301,,172,62,,1098,318,,251,18,,1205,287,,88,69,,189,76,,"8,069,043.00","5,198,887.00","2,870,156.00"
2022-06-23,4375,0,1184,0,3.70,2614,577,,84,28,,322,36,,1355,543,,770,197,98,252,,435,90,52,133,,873,142,,117,67,,108,109,,166,15,,85,3,,1184,301,,172,62,,1098,318,,251,18,,1205,287,,88,69,,189,76,,"8,133,324.00","5,228,272.00","2,905,052.00"
2022-06-24,4375,0,1184,0,3.70,2614,577,,84,28,,322,36,,1355,543,,770,197,98,252,,435,90,52,133,,873,142,,117,67,,108,109,,166,15,,85,3,,1184,301,,172,62,,1098,318,,251,18,,1205,287,,88,69,,189,76,,"8,195,757.00","5,255,300.00","2,940,457.00"
2022-06-25,4375,0,1184,0,3.70,2614,577,,84,28,,322,36,,1355,543,,770,197,98,252,,435,90,52,133,,873,142,,117,67,,108,109,,166,15,,85,3,,1184,301,,172,62,,1098,318,,251,18,,1205,287,,88,69,,189,76,,"8,257,603.00","5,276,052.00","2,981,551.00"
2022-06-26,4384,9,1184,0,3.70,2622,577,,85,28,,322,36,,1355,543,,770,197,98,252,,435,90,52,133,,873,143,,117,67,,108,109,,167,15,,85,3,,1191,301,,172,62,,1098,319,,252,18,,1205,287,,88,69,,189,76,,"8,309,264.00","5,286,155.00","3,023,109.00"
2022-06-27,4392,8,1184,0,3.71,2630,577,,85,28,,322,36,,1355,543,,770,197,98,252,,435,90,52,133,,873,143,,117,67,,108,109,,167,15,,85,3,,1197,301,,172,62,,1098,319,,252,18,,1205,287,,88,69,,189,76,,"8,356,196.00","5,292,297.00","3,063,899.00"
2022-06-28,4463,71,1198,14,3.73,2685,585,,89,29,,323,36,,1366,548,,804,199,99,271,,457,90,53,133,,887,145,,120,67,,109,111,,169,16,,86,3,,1202,301,,175,65,,1116,323,,255,19,,1261,289,,88,69,,194,77,,"8,402,336.00","5,305,194.00","3,097,142.00"
2022-06-29,4511,48,1199,1,3.76,2727,586,,91,29,,330,36,,1363,548,,808,199,99,272,,467,90,53,133,,915,145,,121,67,,109,111,,171,16,,87,3,,1194,302,,175,65,,1145,323,,258,19,,1275,289,,88,69,,200,77,,"8,465,590.00","5,332,790.00","3,132,800.00"
2022-06-30,4510,-1,1199,0,3.76,2728,586,,91,29,,330,36,,1361,548,,808,199,99,272,,468,90,53,133,,912,145,,121,67,,109,111,,171,16,,87,3,,1194,302,,175,65,,1142,323,,258,19,,1276,289,,88,69,,200,77,,"8,552,500.00","5,384,719.00","3,167,781.00"
2022-07-01,4510,0,1199,0,3.76,2728,586,,91,29,,330,36,,1361,548,,808,199,99,272,,468,90,53,133,,912,145,,121,67,,109,111,,171,16,,87,3,,1194,302,,175,65,,1142,323,,258,19,,1276,289,,88,69,,200,77,,"8,579,036.00","5,376,664.00","3,202,372.00"
2022-07-02,4568,58,1201,2,3.80,2775,588,,97,29,,330,36,,1366,548,,821,199,99,273,,478,90,53,133,,921,145,,122,67,,110,111,,172,16,,88,3,,1209,302,,176,65,,1153,323,,260,19,,1299,289,,88,69,,201,79,,"8,638,634.00","5,397,478.00","3,241,156.00"
2022-07-03,4567,-1,1209,8,3.78,2775,592,,97,30,,327,36,,1368,551,,824,199,99,273,,478,91,54,133,,919,145,,122,67,,110,112,,172,16,,88,3,,1209,303,,176,65,,1151,324,,260,19,,1302,290,,88,69,,200,83,,"8,692,513.00","5,413,951.00","3,278,562.00"
2022-07-04,4574,7,1207,-2,3.79,2783,593,,97,30,,327,36,,1367,548,,831,199,99,273,,471,91,54,133,,917,145,,123,67,,110,112,,172,16,,89,3,,1211,302,,178,65,,1150,324,,261,19,,1302,290,,90,68,,200,83,,"8,740,344.00","5,429,339.00","3,311,005.00"
2022-07-05,4586,12,1207,0,3.80,2791,593,,99,30,,327,36,,1369,548,,834,199,99,274,,471,91,54,133,,922,145,,123,67,,110,112,,172,16,,90,3,,1214,302,,179,65,,1155,324,,262,19,,1305,290,,90,68,,200,83,,"8,792,763.00","5,452,366.00","3,340,397.00"
2022-07-06,4591,5,1209,2,3.80,2798,595,,100,30,,327,36,,1366,548,,836,199,99,274,,472,92,54,133,,922,146,,123,67,,110,112,,172,16,,90,3,,1217,302,,178,65,,1155,325,,262,19,,1308,291,,90,68,,200,83,,"8,847,773.00","5,476,237.00","3,371,536.00"
2022-07-07,4622,31,1222,13,3.78,2821,606,,104,30,,327,36,,1370,550,,848,199,99,276,,475,95,54,133,,906,146,,123,67,,110,114,,172,17,,90,3,,1217,305,,178,65,,1139,327,,262,20,,1323,294,,90,68,,200,83,,"8,903,944.00","5,502,677.00","3,401,267.00"
2022-07-08,4642,20,1226,4,3.79,2841,608,,101,30,,329,36,,1371,552,,853,201,100,276,,476,95,54,133,,911,148,,123,67,,112,114,,172,17,,90,3,,1228,305,,178,65,,1146,329,,262,20,,1329,296,,91,68,,200,83,,"8,959,803.00","5,528,391.00","3,431,412.00"
2022-07-09,4658,16,1226,0,3.80,2855,608,,101,30,,329,36,,1373,552,,857,201,100,277,,480,95,54,133,,914,148,,123,67,,112,114,,173,17,,90,3,,1231,305,,178,65,,1149,329,,263,20,,1337,296,,91,68,,201,83,,"9,016,213.00","5,560,061.00","3,456,152.00"
2022-07-10,4664,6,1233,7,3.78,2859,615,,101,30,,331,36,,1373,552,,862,201,100,277,,481,95,54,133,,914,148,,123,67,,112,114,,173,17,,90,3,,1232,305,,178,72,,1149,329,,263,20,,1343,296,,91,68,,201,83,,"9,069,148.00","5,566,149.00","3,502,999.00"
2022-07-11,4683,19,1253,20,3.74,2875,620,,102,30,,331,36,,1375,567,,869,204,103,278,,483,98,55,133,,916,153,,123,67,,112,117,,173,19,,90,3,,1237,307,,179,72,,1151,337,,263,22,,1352,302,,91,68,,204,85,,"9,118,918.00","5,582,310.00","3,536,608.00"
2022-07-12,4692,9,1252,-1,3.75,2879,619,,102,30,,331,36,,1380,567,,869,204,103,278,,487,98,55,133,,920,153,,124,67,,112,117,,173,19,,90,3,,1237,307,,179,71,,1156,337,,263,22,,1356,302,,91,68,,204,85,,"9,170,631.00","5,603,595.00","3,567,036.00"
2022-07-13,4706,14,1255,3,3.75,2892,622,,102,30,,332,36,,1380,567,,868,204,103,278,,490,98,55,133,,922,154,,125,67,,112,117,,173,19,,90,3,,1238,307,,179,71,,1159,338,,263,22,,1358,302,,91,68,,205,86,,"9,228,248.00","5,629,279.00","3,598,969.00"
2022-07-14,4722,16,1260,5,3.75,2907,627,,103,30,,332,36,,1380,567,,869,204,103,278,,491,98,55,133,,924,154,,127,67,,112,117,,173,19,,90,5,,1247,307,,180,74,,1163,338,,263,24,,1360,302,,91,68,,205,86,,"9,288,531.00","5,657,951.00","3,630,580.00"
2022-07-15,4734,12,1260,0,3.76,2917,627,,103,30,,333,36,,1381,567,,873,204,103,279,,491,98,55,133,,924,154,,127,67,,112,117,,173,19,,90,5,,1254,307,,180,74,,1163,338,,263,24,,1364,302,,91,68,,206,86,,"9,350,726.00","5,688,408.00","3,662,318.00"
2022-07-16,4747,13,1263,3,3.76,2929,629,,103,30,,333,36,,1382,568,,876,204,103,279,,495,98,55,134,,925,155,,128,68,,112,118,,173,19,,90,5,,1255,307,,180,74,,1165,341,,263,24,,1371,302,,91,68,,207,86,,"9,411,298.00","5,713,669.00","3,697,629.00"
2022-07-17,4757,10,1265,2,3.76,2938,631,,103,30,,333,36,,1383,568,,882,204,103,279,,496,98,55,134,,924,155,,127,68,,112,118,,173,19,,90,5,,1259,307,,180,74,,1163,341,,263,24,,1378,302,,91,68,,207,88,,"9,467,960.00","5,732,326.00","3,735,634.00"
2022-07-18,4733,-24,1268,3,3.73,2929,633,,103,30,,332,36,,1369,569,,867,205,104,270,,495,98,55,131,,949,155,,126,68,,113,118,,173,19,,91,5,,1259,307,,181,74,,1188,341,,264,24,,1362,303,,91,68,,209,89,,"9,518,549.00","5,749,914.00","3,768,635.00"
2022-07-19,4752,19,1269,1,3.74,2944,634,,103,30,,331,36,,1374,569,,871,206,104,270,,499,98,55,131,,951,155,,127,68,,113,118,,175,19,,94,5,,1254,307,,184,74,,1191,341,,269,24,,1370,304,,92,68,,210,89,,"9,572,980.00","5,773,747.00","3,799,233.00"
2022-07-20,4763,11,1307,38,3.64,2955,659,,103,30,,331,36,,1374,582,,874,216,106,271,,499,102,56,131,,953,161,,128,72,,114,118,,176,19,,95,6,,1254,315,,184,74,,1195,351,,271,25,,1373,318,,92,68,,212,88,,"9,630,484.00","5,801,405.00","3,829,079.00"
2022-07-21,4763,0,1307,0,3.64,2956,661,,103,30,,331,36,,1373,580,,873,217,106,270,,499,101,55,131,,953,162,,128,71,,114,118,,176,19,,95,6,,1254,315,,184,74,,1195,351,,271,25,,1372,318,,92,68,,215,88,,"9,686,058.00","5,826,710.00","3,859,348.00"
2022-07-22,4763,0,1307,0,3.64,2956,661,,103,30,,331,36,,1373,580,,873,217,106,270,,499,101,55,131,,953,162,,128,71,,114,118,,176,19,,95,6,,1254,315,,184,74,,1195,351,,271,25,,1372,318,,92,68,,215,88,,"9,744,987.00","5,854,864.00","3,890,123.00"
2022-07-23,4794,31,1362,55,3.52,2983,711,,104,30,,331,36,,1376,585,,882,226,107,272,,504,115,57,131,,958,172,,130,79,,114,119,,176,21,,95,6,,1258,318,,184,75,,1202,370,,271,27,,1386,341,,92,68,,215,90,,"9,802,850.00","5,877,528.00","3,925,322.00"
2022-07-24,4816,22,1361,-1,3.54,3026,711,,102,30,,320,36,,1368,584,,885,225,106,267,,505,115,57,130,,965,172,,130,79,,114,119,,174,21,,96,6,,1262,318,,186,75,,1209,370,,270,27,,1390,340,,94,68,,217,90,,"9,856,268.00","5,894,159.00","3,962,109.00"
2022-07-25,4824,8,1370,9,3.52,3031,719,,102,30,,319,36,,1372,585,,887,227,107,267,,507,115,57,131,,963,173,,130,79,,114,119,,175,21,,96,6,,1265,323,,186,76,,1207,371,,271,27,,1394,342,,94,68,,218,90,,"9,905,949.00","5,911,578.00","3,994,371.00"
2022-07-26,4834,10,1374,4,3.52,3037,722,,102,30,,319,36,,1376,586,,892,228,107,268,,507,115,57,131,,966,173,,131,79,,114,120,,176,21,,96,6,,1264,324,,186,77,,1211,372,,272,27,,1399,343,,94,68,,218,90,,"9,958,379.00","5,933,452.00","4,024,927.00"
2022-07-27,4966,132,1374,0,3.61,3158,722,,102,30,,322,36,,1384,586,,898,228,107,273,,506,115,57,131,,978,173,,137,79,,114,120,,179,21,,99,6,,1365,324,,186,77,,1229,372,,278,27,,1404,343,,94,68,,220,90,,"10,014,273.00","5,957,246.00","4,057,027.00"
2022-07-28,4975,9,1378,4,3.61,3165,725,,103,30,,323,36,,1384,587,,900,228,107,273,,507,115,57,131,,981,173,,137,79,,114,121,,179,22,,99,7,,1365,324,,187,77,,1232,373,,278,29,,1407,343,,94,68,,220,91,,"10,070,666.00","5,983,245.00","4,087,421.00"
2022-07-29,4987,12,1378,0,3.62,3175,725,,103,30,,323,36,,1386,587,,903,228,107,274,,507,115,57,131,,983,173,,137,79,,114,121,,179,22,,99,7,,1369,324,,188,77,,1234,373,,278,29,,1410,343,,94,68,,220,91,,"10,129,210.00","6,008,097.00","4,121,113.00"
2022-07-30,4997,10,1386,8,3.61,3183,731,,103,30,,323,36,,1388,589,,910,231,108,275,,506,116,57,131,,985,173,,137,79,,114,123,,179,22,,99,7,,1371,325,,188,78,,1236,375,,278,29,,1416,347,,94,68,,220,91,,"10,188,368.00","6,028,098.00","4,160,270.00"
2022-07-31,5020,23,1388,2,3.62,3202,732,,103,30,,323,36,,1392,590,,916,231,108,277,,507,116,57,132,,987,173,,137,79,,114,123,,179,22,,101,7,,1376,325,,189,79,,1238,375,,280,29,,1423,347,,95,68,,222,92,,"10,244,480.00","6,043,342.00","4,201,138.00"
2022-08-01,5033,13,1394,6,3.61,3210,735,,104,30,,323,36,,1396,593,,920,231,108,278,,509,116,57,133,,990,177,,137,79,,114,123,,179,22,,101,7,,1377,326,,189,79,,1241,379,,280,29,,1429,347,,95,68,,224,92,,"10,296,712.00","6,058,000.00","4,238,712.00"
2022-08-02,5045,12,1400,6,3.60,3216,740,,104,30,,324,36,,1401,594,,923,231,108,280,,512,116,57,134,,993,177,,138,79,,114,125,,179,22,,101,7,,1378,328,,189,79,,1245,381,,280,29,,1435,347,,96,69,,224,93,,"10,350,489.00","6,078,256.00","4,272,233.00"
2022-08-03,5054,9,1401,1,3.61,3223,741,,104,30,,324,36,,1403,594,,925,231,108,280,,513,116,57,134,,997,178,,139,79,,114,125,,180,22,,102,7,,1379,328,,189,79,,1250,382,,282,29,,1438,347,,96,69,,226,93,,"10,392,048.00","6,084,484.00","4,307,564.00"
2022-08-04,5062,8,1401,0,3.61,3225,741,,106,30,,324,36,,1407,594,,925,231,108,280,,516,116,57,136,,1000,178,,139,79,,114,125,,180,22,,102,7,,1381,328,,189,79,,1253,382,,282,29,,1441,347,,96,69,,226,93,,"10,432,853.00","6,033,570.00","4,399,283.00"
2022-08-05,5068,6,1401,0,3.62,3228,741,,108,30,,324,36,,1408,594,,926,231,108,280,,515,116,57,136,,1003,178,,140,79,,114,125,,180,22,,101,7,,1383,328,,189,79,,1257,382,,281,29,,1441,347,,96,69,,226,93,,"10,476,635.00","6,102,329.00","4,374,306.00"
2022-08-06,5083,15,1430,29,3.55,3238,767,,109,31,,326,36,,1410,596,,929,229,102,280,,518,126,62,137,,1004,185,,142,85,,114,126,,180,22,,102,7,,1385,339,,191,81,,1260,396,,282,29,,1447,355,,96,69,,226,95,,"10,518,581.00","6,107,446.00","4,411,135.00"
2022-08-07,5095,12,1441,11,3.54,3248,780,,109,31,,326,36,,1412,594,,931,229,99,280,,521,125,58,137,,1010,187,,142,88,,114,126,,180,23,,102,7,,1387,337,,191,81,,1266,401,,282,30,,1452,354,,96,66,,226,96,,"10,559,686.00","6,111,461.00","4,448,225.00"
2022-08-08,5103,8,1454,13,3.51,3252,790,,110,32,,325,36,,1416,596,,930,230,100,281,,521,125,58,137,,1017,187,,142,94,,114,126,,180,23,,102,7,,1388,339,,191,81,,1273,407,,282,30,,1451,355,,97,66,,226,99,,"10,592,635.00","6,113,361.00","4,479,274.00"
2022-08-09,5115,12,1474,20,3.47,3264,808,,110,33,,326,36,,1415,597,,933,231,100,281,,528,129,58,138,,1016,196,,142,96,,114,126,,178,23,,105,7,,1390,341,,192,82,,1272,418,,283,30,,1461,360,,98,66,,226,100,,"10,623,910.00","6,117,908.00","4,506,002.00"
2022-08-10,5139,24,1476,2,3.48,3282,810,,115,33,,327,36,,1415,597,,936,233,100,281,,530,129,58,138,,1016,195,,141,96,,114,126,,179,23,,106,7,,1396,342,,203,82,,1271,417,,285,30,,1466,362,,98,66,,226,101,,,,
2022-08-11,5159,20,1476,0,3.50,3298,810,,115,33,,327,36,,1419,597,,939,233,100,281,,534,129,58,139,,1020,195,,141,96,,114,126,,179,23,,107,7,,1401,342,,204,82,,1275,417,,286,30,,1473,362,,98,66,,227,101,,,,
2022-08-12,5169,10,1476,0,3.50,3304,810,,116,33,,327,36,,1422,597,,940,233,100,281,,534,129,58,139,,1024,195,,142,96,,114,126,,179,23,,108,7,,1402,342,,204,82,,1280,417,,287,30,,1474,362,,98,66,,227,101,,,,
2022-08-13,5182,13,1481,5,3.50,3316,813,,116,34,,327,36,,1423,598,,942,233,100,281,,503,129,58,121,,1026,198,,142,96,,115,127,,179,23,,108,7,,1391,342,,209,82,,1283,421,,287,30,,1445,362,,98,66,,227,101,,,,
2022-08-14,5186,4,1486,5,3.49,3328,814,,118,34,,315,36,,1425,602,,946,237,104,281,,505,129,58,121,,1027,199,,142,96,,115,127,,179,23,,108,7,,1383,342,,209,82,,1284,422,,287,30,,1451,366,,98,66,,229,101,,,,
2022-08-15,5200,14,1489,3,3.49,3341,817,,118,34,,315,36,,1426,602,,952,237,104,282,,506,129,58,121,,1029,200,,142,96,,115,128,,179,23,,108,7,,1384,342,,211,82,,1286,424,,287,30,,1458,366,,98,66,,229,102,,,,
2022-08-16,5207,7,1498,9,3.48,3345,824,,119,34,,315,36,,1428,604,,955,238,104,282,,508,129,58,122,,1029,207,,142,96,,115,129,,179,23,,108,7,,1385,342,,212,83,,1286,432,,287,30,,1463,367,,98,66,,229,101,,"11,150,639.00","6,382,725.00","4,767,914.00"
2022-08-17,5221,14,1499,1,3.48,3355,825,,120,34,,317,36,,1429,604,,961,238,104,283,,511,129,58,122,,1029,207,,142,96,,115,129,,179,23,,108,7,,1387,342,,212,84,,1286,432,,287,30,,1472,367,,98,66,,229,101,,,,
2022-08-18,5229,8,1501,2,3.48,3362,826,,120,35,,317,36,,1430,604,,964,238,104,283,,511,129,58,122,,1030,207,,142,96,,115,129,,179,23,,108,7,,1389,342,,212,84,,1287,432,,287,30,,1475,367,,98,67,,230,102,,,,
2022-08-19,5241,12,1508,7,3.48,3372,832,,120,36,,317,36,,1432,604,,969,239,104,285,,513,130,58,122,,1033,208,,142,96,,115,130,,180,23,,108,7,,1389,342,,213,85,,1290,434,,288,30,,1482,369,,98,67,,230,102,,,,
2022-08-20,5247,6,1513,5,3.47,3378,836,,120,36,,317,36,,1432,605,,970,239,104,285,,514,130,58,123,,1035,210,,142,96,,115,130,,180,23,,108,7,,1389,342,,213,85,,1292,436,,288,30,,1484,369,,99,67,,230,104,,,,
2022-08-21,5241,-6,1513,0,3.46,3379,836,,122,36,,315,36,,1425,605,,968,239,104,286,,502,130,58,123,,1047,210,,142,96,,115,130,,180,23,,108,7,,1389,342,,213,85,,1304,436,,288,30,,1470,369,,99,67,,230,104,,,,
2022-08-22,5321,80,1517,4,3.51,3454,840,,125,36,,309,36,,1433,605,,970,240,104,287,,501,131,58,123,,1060,210,,142,96,,114,130,,183,23,,114,7,,1437,342,,218,87,,1316,436,,297,30,,1471,371,,98,67,,237,104,,,,
2022-08-23,5332,11,1517,0,3.51,3464,840,,125,36,,302,36,,1441,605,,970,240,104,289,,502,131,58,123,,1059,210,,143,96,,114,130,,184,23,,114,7,,1445,342,,218,87,,1316,436,,298,30,,1472,371,,98,67,,238,104,,"11,536,470.00","6,551,566.00","4,984,904.00"
2022-08-24,5322,-10,1518,1,3.51,3453,841,,127,36,,302,36,,1440,605,,972,241,104,288,,504,131,58,123,,1048,210,,143,96,,114,130,,184,23,,114,7,,1445,342,,218,87,,1305,436,,298,30,,1476,372,,98,67,,238,104,,,,
2022-08-25,5340,18,1519,1,3.52,3464,841,,128,36,,302,36,,1446,606,,978,242,105,288,,507,131,58,125,,1053,210,,143,96,,114,130,,184,23,,114,7,,1445,342,,219,87,,1310,436,,298,30,,1485,373,,98,67,,240,104,,,,
2022-08-26,5340,0,1519,0,3.52,3464,841,,128,36,,302,36,,1446,606,,978,242,105,288,,507,131,58,125,,1053,210,,143,96,,114,130,,184,23,,114,7,,1445,342,,219,87,,1310,436,,298,30,,1485,373,,98,67,,240,104,,,,
2022-08-27,5344,4,1517,-2,3.52,3466,844,,128,36,,300,36,,1450,601,,980,241,104,289,,508,133,58,124,,1059,210,,143,96,,114,131,,184,23,,113,7,,1444,340,,219,87,,1316,437,,297,30,,1488,374,,98,67,,239,102,,,,
2022-08-28,5362,18,1520,3,3.53,3482,846,,129,36,,301,36,,1450,602,,989,241,104,289,,508,134,58,124,,1063,210,,143,96,,114,133,,184,23,,113,7,,1447,340,,221,87,,1320,439,,297,30,,1497,375,,98,67,,239,102,,,,
2022-08-29,5362,0,1523,3,3.52,3481,849,,129,36,,301,36,,1451,602,,988,241,104,289,,508,134,58,124,,1063,211,,143,96,,114,133,,184,23,,113,7,,1448,341,,221,87,,1320,440,,297,30,,1496,375,,98,67,,240,103,,,,
2022-08-30,5375,13,1534,11,3.50,3492,857,,131,36,,301,39,,1451,602,,990,244,104,289,,511,135,58,124,,1065,215,,143,96,,114,133,,184,23,,113,7,,1452,341,,221,87,,1322,444,,297,30,,1501,379,,98,67,,242,103,,"11,976,498.00","6,651,700.00","5,324,798.00"
2022-08-31,5388,13,1536,2,3.51,3505,859,,130,36,,301,39,,1452,602,,994,244,104,289,,511,135,58,124,,1071,215,,143,96,,114,133,,184,23,,113,7,,1454,341,,222,87,,1328,444,,297,30,,1505,379,,98,68,,242,103,,,,
2022-09-01,5396,8,1542,6,3.50,3510,865,,131,36,,301,39,,1454,602,,994,249,104,289,,512,135,58,125,,1072,215,,143,96,,114,133,,184,23,,113,7,,1455,341,,222,87,,1329,444,,297,30,,1506,384,,98,69,,243,103,,,,
2022-09-02,5411,15,1543,1,3.51,3524,865,,131,36,,301,39,,1455,603,,998,249,104,289,,514,135,58,125,,1077,215,,145,97,,114,133,,185,23,,113,7,,1455,341,,223,87,,1336,445,,298,30,,1512,384,,98,69,,243,103,,,,
2022-09-03,5435,24,1544,1,3.52,3540,864,,134,36,,301,40,,1460,604,,1004,250,104,288,,519,133,58,125,,1086,216,,145,97,,114,133,,185,23,,113,7,,1457,341,,224,87,,1345,446,,298,30,,1523,383,,99,69,,243,103,,,,
2022-09-04,5454,19,1553,9,3.51,3551,871,,134,38,,301,40,,1468,604,,1008,252,104,288,,521,133,58,125,,1089,218,,146,100,,114,133,,185,23,,114,7,,1458,341,,225,89,,1349,451,,299,30,,1529,385,,99,69,,244,103,,,,
2022-09-05,5478,24,1556,3,3.52,3565,874,,134,38,,301,40,,1478,604,,1012,252,104,292,,523,134,58,125,,1098,218,,146,100,,114,135,,185,23,,114,7,,1461,341,,225,89,,1358,453,,299,30,,1535,386,,102,69,,245,103,,,,
2022-09-06,5478,0,1556,0,3.52,3565,874,,134,38,,301,40,,1478,604,,1012,252,104,292,,523,134,58,125,,1098,218,,146,100,,114,135,,185,23,,114,7,,1461,341,,225,89,,1358,453,,299,30,,1535,386,,102,69,,245,103,,"12,324,430.00","6,757,579.00","5,566,851.00"
2022-09-07,5549,71,1561,5,3.55,3614,879,,134,38,,301,40,,1500,604,,1023,254,105,297,,526,134,58,125,,1117,218,,150,101,,115,135,,186,23,,115,7,,1472,342,,226,89,,1382,454,,301,30,,1549,388,,102,69,,253,104,,,,
2022-09-08,5597,48,1564,3,3.58,3629,882,,135,38,,302,40,,1531,604,,1029,255,105,299,,527,134,58,125,,1138,219,,151,101,,115,135,,187,23,,116,7,,1482,342,,226,89,,1404,455,,303,30,,1556,389,,102,69,,256,104,,,,
2022-09-09,5635,38,1574,10,3.58,3638,888,,135,39,,302,43,,1560,604,,1037,255,105,305,,529,135,58,127,,1147,222,,153,101,,115,135,,187,23,,116,7,,1496,342,,225,94,,1415,458,,303,30,,1566,390,,104,69,,258,104,,,,
2022-09-10,5700,65,1576,2,3.62,3663,888,,136,41,,302,43,,1599,604,,1049,255,105,311,,533,135,58,128,,1163,222,,154,103,,117,135,,190,23,,122,7,,1513,342,,226,94,,1434,460,,312,30,,1582,390,,105,69,,264,104,,,,
2022-09-11,5800,100,1581,5,3.67,3668,891,,136,41,,303,45,,1693,604,,1073,258,105,334,,544,136,58,139,,1194,224,,154,104,,118,135,,195,23,,124,7,,1533,342,,226,94,,1466,463,,319,30,,1617,394,,105,69,,267,104,,,,
2022-09-12,5902,102,1584,3,3.73,3713,894,,136,41,,303,45,,1750,604,,1087,259,105,338,,559,136,58,151,,1214,224,,156,104,,119,135,,199,23,,127,7,,1547,343,,230,94,,1489,463,,326,30,,1646,395,,105,70,,280,104,,,,
2022-09-13,5981,79,1589,5,3.76,3755,898,,136,41,,303,45,,1787,605,,1112,260,105,353,,568,137,59,155,,1232,226,,158,104,,122,136,,200,25,,133,7,,1557,343,,231,94,,1512,466,,333,32,,1680,397,,105,70,,284,105,,"12,660,508.00","6,904,538.00","5,755,970.00"
2022-09-14,6049,68,1593,4,3.80,3769,902,,137,40,,303,44,,1840,607,,1122,264,107,356,,572,135,59,155,,1253,227,,163,105,,126,136,,201,25,,140,7,,1566,343,,231,94,,1542,468,,341,32,,1694,399,,105,70,,289,105,,,,
2022-09-15,6097,48,1595,2,3.82,3788,905,,140,40,,303,44,,1866,606,,1130,263,106,361,,583,136,59,159,,1264,228,,164,105,,127,136,,203,25,,142,7,,1571,343,,231,94,,1555,469,,345,32,,1713,399,,105,70,,292,105,,,,
2022-09-16,6097,0,1595,0,3.82,3788,905,,140,40,,303,44,,1866,606,,1128,263,106,361,,583,136,59,159,,1264,228,,164,105,,127,136,,203,25,,142,7,,1572,343,,231,94,,1555,469,,345,32,,1711,399,,105,70,,292,105,,,,
2022-09-17,6168,71,1602,7,3.85,3826,912,,141,40,,303,44,,1898,606,,1135,263,106,365,,594,137,59,167,,1273,232,,165,107,,127,136,,204,25,,142,7,,1607,343,,232,94,,1565,475,,346,32,,1729,400,,105,70,,296,105,,,,
2022-09-18,6193,25,1606,4,3.86,3836,916,,142,40,,303,44,,1912,606,,1147,265,106,375,,597,137,59,169,,1277,232,,165,107,,127,136,,204,25,,140,7,,1611,344,,232,94,,1569,475,,344,32,,1744,402,,105,70,,299,106,,,,
2022-09-19,6202,9,1611,5,3.85,3845,919,,143,41,,303,44,,1911,607,,1156,266,107,381,,600,137,59,170,,1280,233,,162,107,,127,136,,204,25,,140,7,,1611,344,,233,95,,1569,476,,344,32,,1756,403,,105,70,,296,107,,,,
2022-09-20,6201,-1,1611,0,3.85,3844,919,,143,41,,303,44,,1911,607,,1157,266,107,382,,600,137,59,170,,1280,233,,162,107,,127,136,,204,25,,140,7,,1611,344,,233,95,,1569,476,,344,32,,1757,403,,105,70,,297,107,,"13,081,621.00","6,993,605.00","6,088,016.00"
2022-09-21,6309,108,1631,20,3.87,3893,930,,144,41,,304,51,,1968,609,,1176,267,108,386,,603,138,59,170,,1291,244,,164,107,,129,137,,205,25,,154,7,,1654,344,,233,96,,1584,488,,359,32,,1779,405,,105,70,,302,107,,,,
2022-09-22,6339,30,1631,0,3.89,3901,930,,144,41,,304,51,,1990,609,,1183,267,108,389,,606,138,59,173,,1304,244,,164,107,,129,137,,206,25,,155,7,,1658,344,,234,96,,1597,488,,361,32,,1789,405,,105,70,,303,107,,,,
2022-09-23,6371,32,1632,1,3.90,3915,931,,145,41,,305,51,,2006,609,,1186,267,108,389,,610,138,59,177,,1308,245,,165,107,,129,137,,207,25,,156,7,,1670,344,,237,96,,1602,489,,363,32,,1796,405,,105,70,,306,107,,,,
2022-09-24,6391,20,1632,0,3.92,3926,931,,146,41,,305,51,,2014,609,,1188,267,108,391,,614,138,59,178,,1314,245,,166,107,,129,137,,208,25,,156,7,,1675,344,,239,96,,1609,489,,364,32,,1802,405,,107,70,,305,107,,,,
2022-09-25,6397,6,1633,1,3.92,3928,932,,146,41,,307,51,,2016,609,,1192,267,108,392,,614,138,59,178,,1315,245,,166,107,,129,137,,208,25,,156,7,,1675,344,,239,97,,1610,489,,364,32,,1806,405,,107,70,,306,107,,,,
2022-09-26,6396,-1,1655,22,3.86,3926,944,,154,44,,306,53,,2010,614,,1180,270,109,386,,619,141,59,179,,1321,254,,163,110,,129,138,,209,25,,153,7,,1676,346,,239,97,,1613,502,,362,32,,1799,411,,107,70,,306,107,,,,
2022-09-27,6428,32,1659,4,3.87,3951,947,,151,45,,306,53,,2020,614,,1187,270,109,391,,621,141,59,181,,1324,255,,163,113,,130,138,,211,25,,154,7,,1686,346,,239,97,,1617,506,,365,32,,1808,411,,109,70,,311,107,,"13,379,780.00","7,123,222.00","6,256,558.00"
2022-09-28,6468,40,1664,5,3.89,3971,952,,155,45,,305,53,,2037,614,,1190,270,109,395,,625,141,59,183,,1336,257,,164,113,,131,138,,212,25,,156,7,,1698,348,,240,97,,1631,508,,368,32,,1815,411,,109,70,,312,108,,,,
2022-09-29,6526,58,1669,5,3.91,4008,957,,157,45,,303,53,,2058,614,,1211,271,109,399,,585,141,59,185,,1345,257,,204,114,,132,138,,214,25,,157,7,,1712,350,,241,98,,1681,509,,371,32,,1796,412,,109,70,,315,108,,,,
2022-09-30,6567,41,1672,3,3.93,4026,960,,157,45,,303,53,,2081,614,,1224,274,109,409,,589,141,59,189,,1355,258,,204,114,,137,138,,216,25,,161,7,,1715,350,,241,97,,1696,510,,377,32,,1813,415,,109,70,,317,108,,,,
2022-10-01,6608,41,1674,2,3.95,4044,961,,158,46,,303,53,,2103,614,,1232,274,109,411,,589,142,59,188,,1366,258,,204,114,,139,138,,217,25,,162,7,,1726,350,,243,98,,1709,510,,379,32,,1821,416,,109,70,,317,109,,,,
2022-10-02,6647,39,1674,0,3.97,4064,961,,158,46,,303,53,,2122,614,,1241,274,109,417,,594,142,59,190,,1377,258,,205,114,,141,138,,219,25,,163,7,,1731,350,,245,98,,1723,510,,382,32,,1835,416,,109,70,,318,109,,,,
2022-10-03,6681,34,1689,15,3.96,4078,972,,159,46,,304,57,,2140,614,,1248,277,109,420,,598,142,59,192,,1380,259,,208,119,,141,140,,220,25,,163,7,,1742,350,,247,100,,1729,518,,383,32,,1846,419,,109,70,,319,109,,,,
2022-10-04,6723,42,1696,7,3.96,4094,977,,159,48,,306,57,,2164,614,,1262,278,109,430,,602,143,59,195,,1387,259,,212,119,,142,141,,220,25,,164,7,,1750,352,,248,101,,1741,519,,384,32,,1864,421,,109,70,,319,109,,"13,736,198.00","7,267,503.00","6,468,695.00"
2022-10-05,6771,48,1702,6,3.98,4114,981,,158,49,,308,57,,2191,615,,1280,279,109,442,,604,143,59,196,,1400,259,,214,120,,142,143,,221,25,,164,7,,1755,354,,248,101,,1756,522,,385,32,,1884,422,,109,70,,321,109,,,,
2022-10-06,6812,41,1703,1,4.00,4136,982,,158,49,,308,57,,2210,615,,1292,279,109,449,,608,143,59,197,,1406,259,,215,121,,143,143,,221,25,,164,7,,1761,354,,248,101,,1764,523,,385,32,,1900,422,,109,70,,324,109,,,,
2022-10-07,6849,37,1714,11,4.00,4148,989,,158,51,,308,57,,2235,617,,1298,281,110,453,,617,143,59,202,,1415,260,,215,125,,143,145,,222,25,,164,7,,1768,354,,249,101,,1773,530,,386,32,,1915,424,,109,70,,327,111,,,,
2022-10-08,6883,34,1748,34,3.94,4163,1003,,160,57,,307,69,,2253,619,,1300,289,110,457,,620,147,59,204,,1429,267,,218,126,,143,152,,222,24,,164,7,,1773,354,,250,101,,1790,545,,386,31,,1920,436,,110,71,,330,111,,,,
2022-10-09,6941,58,1783,35,3.89,4193,1034,,161,58,,307,71,,2280,620,,1312,292,110,463,,630,154,59,212,,1443,275,,220,131,,143,153,,223,24,,164,7,,1783,358,,252,101,,1806,559,,387,31,,1942,446,,111,71,,334,111,,,,
2022-10-10,6937,-4,1777,-6,3.90,4190,1030,,161,58,,307,69,,2279,620,,1311,290,110,462,,630,151,59,212,,1442,275,,220,131,,143,152,,223,24,,164,7,,1781,358,,252,101,,1805,558,,387,31,,1941,441,,111,71,,334,111,,,,
2022-10-11,6992,55,1796,19,3.89,4225,1050,,163,59,,306,62,,2298,625,,1324,292,110,465,,633,152,59,214,,1452,275,,225,133,,145,160,,223,25,,165,7,,1796,361,,253,102,,1822,568,,388,32,,1957,444,,111,72,,339,113,,"14,031,127.00","7,315,750.00","6,715,377.00"
2022-10-12,7022,30,1806,10,3.89,4240,1057,,164,61,,306,62,,2312,626,,1329,294,110,468,,634,152,59,215,,1459,278,,227,135,,145,160,,223,25,,165,7,,1802,361,,253,103,,1831,573,,388,32,,1963,446,,112,73,,342,114,,,,
2022-10-13,7018,-4,1805,-1,3.89,4240,1056,,161,61,,306,62,,2311,626,,1329,295,110,468,,634,152,59,215,,1459,278,,226,135,,145,160,,223,25,,165,7,,1802,361,,253,103,,1830,573,,388,32,,1963,447,,112,73,,342,114,,,,
2022-10-14,7085,67,1814,9,3.91,4282,1063,,162,61,,306,62,,2335,628,,1337,295,110,471,,643,152,59,219,,1466,280,,229,137,,150,162,,223,25,,168,7,,1810,362,,253,105,,1845,579,,391,32,,1980,447,,112,73,,348,114,,,,
2022-10-15,7108,23,1825,11,3.89,4295,1072,,162,61,,307,63,,2344,629,,1342,297,110,473,,646,152,59,218,,1474,284,,230,138,,151,163,,223,25,,169,7,,1813,363,,253,105,,1855,585,,392,32,,1988,449,,112,75,,349,114,,,,
2022-10-16,7117,9,1859,34,3.83,4299,1084,,162,63,,309,63,,2347,649,,1347,302,113,474,,647,155,59,219,,1475,287,,230,140,,152,163,,223,25,,169,7,,1815,366,,253,106,,1857,590,,392,32,,1994,457,,112,77,,349,120,,,,
2022-10-17,7396,279,1997,138,3.70,4531,1138,,164,63,,305,62,,2396,734,,1393,316,120,482,,675,167,69,224,,1570,313,,240,162,,157,191,,231,29,,177,7,,1882,378,,254,106,,1967,666,,408,36,,2068,483,,114,81,,359,131,,,,
2022-10-18,7421,25,2014,17,3.68,4547,1142,,165,66,,305,62,,2404,744,,1400,316,120,486,,676,168,69,224,,1576,313,,241,170,,157,195,,232,30,,177,7,,1886,379,,254,106,,1974,678,,409,37,,2076,484,,114,83,,365,131,,"14,325,424.00","7,383,572.00","6,941,852.00"
2022-10-19,7428,7,2026,12,3.67,4546,1151,,164,66,,306,62,,2412,747,,1393,319,121,484,,676,170,69,224,,1578,318,,243,172,,158,197,,232,30,,178,7,,1889,380,,256,106,,1979,687,,410,37,,2069,489,,114,83,,367,131,,,,
2022-10-20,7452,24,2041,15,3.65,4564,1157,,164,69,,307,62,,2417,753,,1398,323,123,485,,680,174,72,224,,1582,320,,244,172,,160,197,,234,31,,178,7,,1891,381,,257,106,,1986,689,,412,38,,2078,497,,114,86,,368,131,,,,
2022-10-21,7463,11,2054,13,3.63,4569,1167,,166,69,,307,62,,2421,756,,1399,327,125,485,,680,175,72,224,,1587,325,,244,172,,160,197,,234,31,,178,7,,1893,381,,257,106,,1991,694,,412,38,,2079,502,,114,86,,368,131,,,,
2022-10-22,7474,11,2070,16,3.61,4577,1178,,166,69,,307,62,,2424,761,,1401,333,128,486,,680,180,73,224,,1594,327,,244,177,,160,197,,235,31,,179,7,,1894,381,,257,106,,1998,701,,414,38,,2081,513,,114,87,,370,131,,,,
2022-10-23,7498,24,2073,3,3.62,4594,1180,,166,69,,307,62,,2431,762,,1407,333,128,490,,681,179,73,224,,1602,330,,245,177,,159,199,,235,31,,181,7,,1898,381,,258,106,,2006,706,,416,38,,2088,512,,114,87,,370,131,,,,
2022-10-24,7531,33,2075,2,3.63,4617,1184,,166,67,,308,62,,2440,762,,1415,335,128,490,,682,179,73,225,,1610,331,,246,176,,161,198,,235,31,,183,7,,1902,381,,258,106,,2017,705,,418,38,,2097,514,,114,87,,371,131,,,,
2022-10-25,7559,28,2086,11,3.62,4635,1191,,167,68,,308,63,,2449,764,,1420,334,128,492,,682,179,73,225,,1613,333,,249,176,,164,200,,237,31,,184,7,,1910,383,,258,112,,2026,709,,421,38,,2102,513,,114,87,,372,131,,"14,591,581.00","7,447,364.00","7,144,217.00"
2022-10-26,7595,36,2105,19,3.61,4657,1203,,168,73,,308,63,,2462,766,,1426,337,128,495,,686,181,74,228,,1618,336,,252,179,,165,201,,237,31,,185,7,,1926,383,,258,119,,2035,716,,422,38,,2112,518,,114,87,,373,131,,,,
2022-10-27,7612,17,2112,7,3.60,4670,1206,,168,74,,308,65,,2466,767,,1429,338,128,496,,687,181,74,228,,1622,336,,252,179,,165,204,,237,31,,185,7,,1931,384,,258,121,,2039,719,,422,38,,2116,519,,114,87,,375,132,,,,
2022-10-28,7579,-33,2116,4,3.58,4650,1209,,169,74,,304,66,,2456,767,,1412,339,128,488,,681,182,74,226,,1613,338,,251,179,,163,204,,237,32,,185,7,,1933,384,,258,121,,2027,721,,422,39,,2093,521,,111,87,,376,132,,,,
2022-10-29,7552,-27,2122,6,3.56,4625,1218,,172,74,,297,64,,2458,766,,1419,338,128,491,,683,182,74,227,,1618,344,,250,179,,163,203,,235,32,,181,7,,1894,384,,258,121,,2031,726,,416,39,,2102,520,,111,88,,379,134,,,,
2022-10-30,7552,0,2122,0,3.56,4625,1218,,172,74,,297,64,,2458,766,,1419,338,128,491,,683,182,74,227,,1618,344,,250,179,,163,203,,235,32,,181,7,,1894,384,,258,121,,2031,726,,416,39,,2102,520,,111,88,,379,134,,,,
2022-10-31,7599,47,2128,6,3.57,4658,1221,,175,74,,298,67,,2468,766,,1429,340,128,493,,685,182,74,227,,1633,345,,250,179,,165,204,,235,32,,183,7,,1903,384,,261,123,,2048,728,,418,39,,2114,522,,111,88,,382,134,,,,
2022-11-01,7556,-43,2129,1,3.55,4625,1222,,177,74,,292,67,,2462,766,,1417,340,128,491,,682,182,74,228,,1618,345,,251,179,,161,204,,237,32,,184,7,,1893,384,,261,123,,2030,728,,421,39,,2099,522,,109,88,,380,134,,"14,853,082.00","7,493,866.00","7,359,216.00"
2022-11-02,7583,27,2153,24,3.52,4649,1241,,176,75,,293,67,,2465,770,,1420,341,128,492,,683,185,74,228,,1626,346,,252,180,,161,208,,237,32,,184,7,,1903,386,,263,125,,2039,734,,421,39,,2103,526,,111,95,,380,136,,,,
2022-11-03,7583,0,2153,0,3.52,4649,1241,,176,75,,293,67,,2465,770,,1420,341,128,492,,683,185,74,228,,1626,346,,252,180,,161,208,,237,32,,184,7,,1903,386,,263,125,,2039,734,,421,39,,2103,526,,111,95,,380,136,,,,
2022-11-04,7583,0,2163,10,3.51,4649,1248,,176,78,,293,67,,2465,770,,1420,342,128,492,,683,185,74,228,,1626,347,,252,180,,161,208,,237,32,,184,7,,1903,387,,263,125,,2039,735,,421,39,,2103,527,,111,97,,380,140,,,,
2022-11-05,7581,-2,2164,1,3.50,4647,1249,,176,78,,293,67,,2465,770,,1420,342,128,492,,683,185,74,228,,1626,347,,252,180,,161,208,,237,32,,184,7,,1903,387,,261,125,,2039,735,,421,39,,2103,527,,111,97,,380,141,,,,
2022-11-06,7581,0,2184,20,3.47,4647,1269,,176,79,,293,67,,2465,769,,1420,347,128,492,,683,190,74,228,,1626,348,,252,180,,161,208,,237,32,,184,7,,1903,389,,261,125,,2039,736,,421,39,,2103,537,,111,97,,380,147,,,,
2022-11-07,7671,90,2187,3,3.51,4705,1271,,186,80,,294,67,,2486,769,,1445,347,128,497,,684,190,74,226,,1660,348,,254,180,,163,208,,241,32,,187,7,,1915,389,,261,125,,2077,736,,428,39,,2129,537,,114,98,,380,149,,,,
2022-11-08,7687,16,2196,9,3.50,4713,1281,,185,80,,294,67,,2495,768,,1450,345,127,500,,684,190,74,226,,1661,352,,255,181,,163,209,,241,32,,188,7,,1916,390,,264,125,,2079,742,,429,39,,2134,535,,115,98,,381,152,,"15,107,523.00","7,545,399.00","7,562,124.00"
2022-11-09,7717,30,2200,4,3.51,4731,1280,,184,83,,296,67,,2506,770,,1460,348,128,503,,686,190,74,227,,1669,352,,260,181,,163,210,,242,32,,188,7,,1920,390,,268,126,,2092,743,,430,39,,2146,538,,115,98,,384,150,,,,
2022-11-10,7763,46,2206,6,3.52,4756,1284,,187,84,,296,67,,2524,771,,1465,348,128,504,,691,191,74,229,,1682,354,,259,181,,163,213,,242,32,,190,7,,1927,390,,268,127,,2104,748,,432,39,,2156,539,,115,98,,392,150,,,,
2022-11-11,7811,48,2213,7,3.53,4790,1291,,187,84,,297,67,,2537,771,,1476,349,128,509,,694,192,74,230,,1690,356,,263,181,,165,213,,243,32,,190,7,,1944,392,,268,127,,2118,750,,433,39,,2170,541,,116,98,,393,151,,,,
2022-11-12,7858,47,2222,9,3.54,4820,1300,,187,85,,298,67,,2553,770,,1477,350,128,510,,699,193,74,233,,1712,361,,265,181,,165,214,,245,32,,190,7,,1950,392,,268,128,,2142,756,,435,39,,2176,543,,118,98,,399,151,,,,
2022-11-13,7920,62,2258,36,3.51,4867,1333,,187,87,,298,67,,2568,771,,1485,361,128,515,,703,206,74,234,,1723,363,,266,182,,165,217,,245,33,,191,7,,1966,395,,274,128,,2154,762,,436,40,,2188,567,,120,100,,407,153,,,,
2022-11-14,7920,0,2228,-30,3.55,4867,1315,,187,87,,298,63,,2568,763,,1485,359,128,515,,703,204,72,234,,1723,356,,266,180,,165,210,,245,33,,191,7,,1966,394,,274,128,,2154,746,,436,40,,2188,563,,120,98,,407,150,,,,
2022-11-15,7967,47,2240,12,3.56,4892,1323,,191,90,,299,63,,2585,764,,1491,361,129,518,,705,207,72,236,,1732,356,,266,183,,165,210,,245,33,,191,7,,1979,395,,279,128,,2163,749,,436,40,,2196,568,,120,98,,418,151,,"15,354,147.00","7,606,697.00","7,747,450.00"
2022-11-16,7967,0,2237,-3,3.56,4892,1322,,191,90,,299,63,,2585,762,,1491,361,129,518,,705,207,72,236,,1732,356,,266,183,,165,210,,245,33,,191,7,,1979,395,,279,125,,2163,749,,436,40,,2196,568,,120,98,,418,151,,,,
2022-11-17,7991,24,2264,27,3.53,4899,1348,,194,91,,300,63,,2598,762,,1494,371,129,519,,714,210,72,243,,1739,361,,269,185,,165,210,,245,34,,192,7,,1979,396,,279,126,,2173,756,,437,41,,2208,581,,120,101,,423,152,,,,
2022-11-18,8022,31,2286,22,3.51,4913,1371,,198,94,,300,60,,2611,761,,1499,371,129,521,,715,211,72,243,,1745,361,,269,186,,166,210,,245,34,,193,7,,1984,399,,283,126,,2180,757,,438,41,,2214,582,,120,101,,427,153,,,,
2022-11-19,8023,1,2286,0,3.51,4914,1371,,198,94,,300,60,,2611,761,,1500,371,129,521,,715,211,72,243,,1745,361,,269,186,,166,210,,245,34,,193,7,,1984,399,,283,126,,2180,757,,438,41,,2215,582,,120,101,,427,153,,,,
2022-11-20,8044,21,2288,2,3.52,4927,1372,,198,94,,300,60,,2619,762,,1504,370,129,522,,718,211,72,245,,1750,361,,269,186,,166,213,,245,34,,193,7,,1986,399,,283,126,,2185,760,,438,41,,2222,581,,120,101,,431,153,,,,
2022-11-21,8047,3,2292,4,3.51,4929,1375,,198,94,,300,60,,2620,763,,1503,371,129,521,,718,211,72,245,,1756,362,,270,187,,167,214,,245,34,,193,7,,1988,399,,283,126,,2193,763,,438,41,,2221,582,,120,101,,431,153,,,,
2022-11-22,8047,0,2292,0,3.51,4929,1375,,198,94,,300,60,,2620,763,,1503,371,129,521,,718,211,72,245,,1756,362,,270,187,,167,214,,245,34,,193,7,,1988,399,,283,126,,2193,763,,438,41,,2221,582,,120,101,,431,153,,"15,591,979.00","7,653,118.00","7,938,861.00"
2022-11-23,8062,15,2307,15,3.49,4939,1389,,198,94,,300,60,,2625,764,,1505,371,129,522,,721,214,72,247,,1760,364,,271,188,,168,214,,245,33,,194,7,,1992,402,,283,129,,2199,766,,439,40,,2226,585,,120,101,,430,153,,,,
2022-11-24,8062,0,2305,-2,3.50,4939,1387,,198,94,,300,60,,2625,764,,1505,371,129,522,,721,214,72,247,,1760,362,,271,188,,168,214,,245,33,,194,7,,1992,402,,283,129,,2199,764,,439,40,,2226,585,,120,101,,430,153,,,,
2022-11-25,8085,23,2326,21,3.48,4955,1403,,198,95,,300,64,,2632,764,,1513,372,129,524,,721,218,72,247,,1764,369,,272,189,,168,214,,246,34,,194,7,,1995,408,,283,130,,2204,772,,440,41,,2234,590,,120,101,,432,154,,,,
2022-11-26,8114,29,2331,5,3.48,4980,1407,,198,96,,301,64,,2635,764,,1517,373,129,526,,722,218,72,247,,1766,369,,272,189,,169,214,,247,34,,195,7,,2007,409,,284,130,,2207,772,,442,41,,2239,591,,120,101,,432,157,,,,
2022-11-27,8137,23,2353,22,3.46,5000,1428,,199,96,,302,64,,2636,765,,1520,375,129,525,,724,218,72,247,,1776,369,,274,190,,169,214,,247,34,,195,7,,2011,427,,284,131,,2219,773,,442,41,,2244,593,,120,102,,432,157,,,,
2022-11-28,8137,0,2353,0,3.46,5000,1428,,199,96,,302,64,,2636,765,,1520,375,129,525,,724,218,72,247,,1776,369,,274,190,,169,214,,247,34,,195,7,,2011,427,,284,131,,2219,773,,442,41,,2244,593,,120,102,,432,157,,,,
2022-11-29,8176,39,2355,2,3.47,5033,1428,,199,96,,301,64,,2643,767,,1523,375,130,526,,728,218,72,247,,1789,366,,274,192,,170,214,,247,34,,198,7,,2021,431,,285,131,,2233,772,,445,41,,2251,593,,120,102,,434,156,,"15,835,332.00","7,709,557.00","8,125,775.00"
2022-11-30,8176,0,2355,0,3.47,5033,1428,,199,96,,301,64,,2643,767,,1523,375,130,526,,728,218,72,247,,1789,366,,274,192,,170,214,,247,34,,198,7,,2021,431,,285,131,,2233,772,,445,41,,2251,593,,120,102,,434,156,,,,
2022-12-01,8200,24,2363,8,3.47,5047,1435,,199,96,,301,64,,2653,768,,1530,377,130,530,,729,219,72,247,,1793,367,,274,192,,170,216,,247,34,,199,7,,2029,432,,286,131,,2237,775,,446,41,,2259,596,,120,102,,436,156,,,,
2022-12-02,8200,0,2363,0,3.47,5047,1435,,199,96,,301,64,,2653,768,,1530,377,130,530,,729,219,72,247,,1793,367,,274,192,,170,216,,247,34,,199,7,,2029,432,,286,131,,2237,775,,446,41,,2259,596,,120,102,,436,156,,,,
2022-12-03,8248,48,2372,9,3.48,5079,1441,,199,97,,302,64,,2668,770,,1538,378,130,535,,733,219,72,247,,1802,369,,274,194,,169,216,,247,34,,201,7,,2039,432,,286,132,,2245,779,,448,41,,2271,597,,121,102,,438,159,,,,
2022-12-04,8248,0,2558,186,3.22,5079,1581,,199,105,,302,64,,2668,808,,1538,436,143,535,,733,232,73,247,,1802,408,,274,202,,169,239,,247,34,,201,7,,2039,460,,286,133,,2245,849,,448,41,,2271,668,,121,108,,438,169,,,,
2022-12-05,8272,24,2557,-1,3.24,5102,1580,,201,105,,302,64,,2667,808,,1541,435,143,536,,735,232,73,248,,1814,408,,274,203,,170,239,,249,34,,203,7,,2047,460,,291,133,,2258,850,,452,41,,2276,667,,121,110,,438,169,,,,
2022-12-06,8272,0,2557,0,3.24,5102,1580,,201,105,,302,64,,2667,808,,1541,435,143,536,,735,232,73,248,,1814,408,,274,203,,170,239,,249,34,,203,7,,2047,460,,291,133,,2258,850,,452,41,,2276,667,,121,110,,438,169,,"16,087,565.00","7,777,847.00","8,309,718.00"
2022-12-07,8295,23,2563,6,3.24,5119,1584,,202,107,,301,64,,2673,808,,1545,435,143,536,,735,232,72,248,,1821,409,,275,203,,172,240,,249,34,,204,7,,2051,462,,291,133,,2268,852,,453,41,,2280,667,,121,110,,441,170,,,,
2022-12-08,8376,81,2563,0,3.27,5187,1584,,202,107,,301,64,,2686,808,,1551,435,143,537,,739,232,72,249,,1832,409,,275,203,,175,240,,252,34,,205,7,,2102,462,,291,133,,2282,852,,457,41,,2290,667,,121,110,,443,170,,,,
2022-12-09,8376,0,2563,0,3.27,5187,1584,,202,107,,301,64,,2686,808,,1551,435,143,537,,739,232,72,249,,1832,409,,275,203,,175,240,,252,34,,205,7,,2102,462,,291,133,,2282,852,,457,41,,2290,667,,121,110,,443,170,,,,
2022-12-10,8398,22,2586,23,3.25,5216,1604,,205,109,,303,65,,2674,808,,1566,438,143,534,,739,234,72,248,,1837,415,,278,205,,175,244,,252,34,,206,7,,2114,462,,292,135,,2290,864,,458,41,,2305,672,,120,111,,448,170,,,,
2022-12-11,8398,0,2586,0,3.25,5216,1604,,205,109,,303,65,,2674,808,,1566,438,143,534,,739,234,72,248,,1837,415,,278,205,,175,244,,252,34,,206,7,,2114,462,,292,135,,2290,864,,458,41,,2305,672,,120,111,,448,170,,"16,331,091.00","7,835,246.00","8,495,845.00"
2022-12-12,8424,26,2598,12,3.24,5236,1614,,206,109,,302,66,,2680,809,,1570,435,143,534,,737,234,72,248,,1852,417,,279,207,,175,246,,252,34,,207,7,,2114,465,,292,137,,2306,870,,459,41,,2307,669,,121,110,,453,170,,,,
2022-12-13,8424,0,2598,0,3.24,5236,1614,,206,109,,302,66,,2680,809,,1570,435,143,534,,737,234,72,248,,1852,417,,279,207,,175,246,,252,34,,207,7,,2114,465,,292,137,,2306,870,,459,41,,2307,669,,121,110,,453,170,,,,
2022-12-14,8463,39,2604,6,3.25,5263,1619,,209,109,,304,66,,2687,810,,1579,435,143,534,,740,235,72,250,,1861,418,,280,207,,177,246,,255,34,,208,8,,2126,467,,292,138,,2318,871,,463,42,,2319,670,,122,110,,453,170,,,,
2022-12-15,8463,0,2604,0,3.25,5263,1619,,209,109,,304,66,,2687,810,,1579,435,143,534,,740,235,72,250,,1861,418,,280,207,,177,246,,255,34,,208,8,,2126,467,,292,138,,2318,871,,463,42,,2319,670,,122,110,,453,170,,,,
2022-12-16,8480,17,2613,9,3.25,5277,1627,,210,109,,304,67,,2689,810,,1579,436,143,534,,742,236,72,250,,1864,419,,280,207,,177,246,,254,34,,208,8,,2138,468,,292,139,,2321,872,,462,42,,2321,672,,122,113,,453,170,,,,
2022-12-17,8480,0,2613,0,3.25,5277,1627,,210,109,,304,67,,2689,810,,1579,436,143,534,,742,236,72,250,,1864,419,,280,207,,177,246,,254,34,,208,8,,2138,468,,292,139,,2321,872,,462,42,,2321,672,,122,113,,453,170,,,,
2022-12-18,8480,0,2613,0,3.25,5277,1627,,210,109,,304,67,,2689,810,,1579,436,143,534,,742,236,72,250,,1864,419,,280,207,,177,246,,254,34,,208,8,,2138,468,,292,139,,2321,872,,462,42,,2321,672,,122,113,,453,170,,,,
2022-12-19,8480,0,2613,0,3.25,5277,1627,,210,109,,304,67,,2689,810,,1579,436,143,534,,742,236,72,250,,1864,419,,280,207,,177,246,,254,34,,208,8,,2138,468,,292,139,,2321,872,,462,42,,2321,672,,122,113,,453,170,,,,
2022-12-20,8515,35,2623,10,3.25,5307,1632,,210,110,,304,67,,2694,814,,1585,436,143,534,,744,236,72,252,,1871,420,,280,207,,177,247,,258,36,,210,8,,2146,471,,292,140,,2328,874,,468,44,,2329,672,,123,114,,452,171,,"16,595,007.00","7,883,605.00","8,711,402.00"
2022-12-21,8521,6,2627,4,3.24,5312,1636,,210,110,,304,67,,2695,814,,1585,436,143,534,,745,236,72,253,,1871,420,,280,207,,177,247,,258,36,,211,8,,2147,471,,293,140,,2328,874,,469,44,,2330,672,,129,116,,453,173,,,,
2022-12-22,8533,12,2637,10,3.24,5323,1644,,210,110,,304,67,,2696,816,,1589,436,143,534,,745,237,72,253,,1874,425,,280,208,,178,249,,258,36,,211,8,,2149,471,,294,140,,2332,882,,469,44,,2334,673,,129,116,,453,173,,,,
2022-12-23,8536,3,2641,4,3.23,5324,1648,,210,110,,304,67,,2698,816,,1590,436,143,535,,745,237,72,253,,1874,425,,280,209,,178,249,,258,36,,211,8,,2151,471,,294,140,,2332,883,,469,44,,2335,673,,129,117,,453,173,,,,
2022-12-24,8536,0,2641,0,3.23,5324,1648,,210,110,,304,67,,2698,816,,1590,436,143,535,,745,237,72,253,,1874,425,,280,209,,178,249,,258,36,,211,8,,2151,471,,294,140,,2332,883,,469,44,,2335,673,,129,117,,453,173,,,,
2022-12-25,8471,-65,2646,5,3.20,5288,1652,,209,111,,304,67,,2670,816,,1577,438,143,527,,735,237,72,251,,1861,427,,280,209,,175,249,,259,36,,212,8,,2145,471,,295,140,,2316,885,,471,44,,2312,675,,126,117,,449,174,,,,
2022-12-26,8471,0,2646,0,3.20,5288,1652,,209,111,,304,67,,2670,816,,1577,438,143,527,,735,237,72,251,,1861,427,,280,209,,175,249,,259,36,,212,8,,2145,471,,295,140,,2316,885,,471,44,,2312,675,,126,117,,449,174,,,,
2022-12-27,8497,26,2651,5,3.21,5306,1657,,214,111,,304,67,,2673,816,,1584,438,143,528,,738,237,72,252,,1861,428,,280,209,,175,250,,259,36,,212,8,,2146,472,,295,140,,2316,887,,471,44,,2322,675,,126,117,,449,176,,"16,867,334.00","7,914,848.00","8,952,486.00"
2022-12-28,8497,0,2651,0,3.21,5306,1657,,214,111,,304,67,,2673,816,,1584,438,143,528,,738,237,72,252,,1861,428,,280,209,,175,250,,259,36,,212,8,,2146,472,,295,140,,2316,887,,471,44,,2322,675,,126,117,,449,176,,,,
2022-12-29,8529,32,2661,10,3.21,5327,1666,,216,112,,306,67,,2680,816,,1593,438,143,529,,742,241,72,254,,1869,429,,280,212,,176,250,,260,36,,214,8,,2149,473,,295,140,,2325,891,,474,44,,2335,679,,126,117,,451,176,,,,
2022-12-30,8529,0,2661,0,3.21,5327,1666,,216,112,,306,67,,2680,816,,1593,438,143,529,,742,241,72,254,,1869,429,,280,212,,176,250,,260,36,,214,8,,2149,473,,295,140,,2325,891,,474,44,,2335,679,,126,117,,451,176,,,,
2022-12-31,8560,31,2677,16,3.20,5352,1678,,218,112,,303,68,,2687,819,,1600,439,144,531,,743,242,73,255,,1872,435,,283,212,,176,250,,261,36,,217,8,,2156,478,,297,140,,2331,897,,478,44,,2343,681,,127,119,,453,177,,,,
2023-01-01,8560,0,2677,0,3.20,5352,1678,,218,112,,303,68,,2687,819,,1600,439,144,531,,743,242,73,255,,1872,435,,283,212,,176,250,,261,36,,217,8,,2156,478,,297,140,,2331,897,,478,44,,2343,681,,127,119,,453,177,,,,
2023-01-02,8560,0,2677,0,3.20,5352,1678,,218,112,,303,68,,2687,819,,1600,439,144,531,,743,242,73,255,,1872,435,,283,212,,176,250,,261,36,,217,8,,2156,478,,297,140,,2331,897,,478,44,,2343,681,,127,119,,453,177,,,,
2023-01-03,8590,30,2699,22,3.18,5375,1697,,218,114,,302,68,,2695,820,,1603,441,144,533,,750,248,73,255,,1879,441,,283,214,,176,254,,261,36,,217,8,,2163,478,,297,140,,2338,909,,478,44,,2353,689,,127,119,,455,178,,"17,139,782.00","7,959,103.00","9,180,679.00"
2023-01-04,8590,0,2699,0,3.18,5375,1697,,218,114,,302,68,,2695,820,,1603,441,144,533,,750,248,73,255,,1879,441,,283,214,,176,254,,261,36,,217,8,,2163,478,,297,140,,2338,909,,478,44,,2353,689,,127,119,,455,178,,,,
2023-01-05,8620,30,2705,6,3.19,5395,1694,,218,116,,303,67,,2704,828,,1607,441,144,533,,751,248,73,255,,1889,443,,283,214,,176,255,,262,37,,217,8,,2173,478,,301,142,,2348,912,,479,45,,2358,689,,128,119,,455,178,,,,
2023-01-06,8620,0,2705,0,3.19,5395,1694,,218,116,,303,67,,2704,828,,1607,441,144,533,,751,248,73,255,,1889,443,,283,214,,176,255,,262,37,,217,8,,2173,478,,301,142,,2348,912,,479,45,,2358,689,,128,119,,455,178,,,,
2023-01-07,8634,14,2710,5,3.19,5408,1696,,219,119,,298,67,,2709,828,,1610,441,144,533,,751,249,73,255,,1895,442,,284,215,,176,255,,262,37,,217,8,,2176,479,,301,143,,2355,912,,479,45,,2361,690,,128,119,,456,179,,,,
2023-01-08,8634,0,2710,0,3.19,5408,1696,,219,119,,298,67,,2709,828,,1610,441,144,533,,751,249,73,255,,1895,442,,284,215,,176,255,,262,37,,217,8,,2176,479,,301,143,,2355,912,,479,45,,2361,690,,128,119,,456,179,,,,
2023-01-09,8681,47,2742,32,3.17,5446,1714,,219,123,,298,67,,2718,838,,1615,444,144,535,,752,249,73,255,,1902,445,,287,216,,176,255,,264,37,,220,8,,2191,490,,302,144,,2365,916,,484,45,,2367,693,,130,121,,461,181,,,,
2023-01-10,8679,-2,2742,0,3.17,5444,1714,,219,123,,298,67,,2718,838,,1615,444,144,535,,752,249,73,255,,1901,447,,286,217,,176,255,,264,37,,220,8,,2191,490,,302,144,,2363,919,,484,45,,2367,693,,130,121,,461,181,,"17,408,643.00","8,031,966.00","9,376,677.00"
2023-01-11,8714,35,2758,16,3.16,5472,1725,,219,127,,298,67,,2725,839,,1621,447,144,535,,753,249,73,256,,1908,448,,288,219,,176,257,,264,39,,221,8,,2206,492,,303,144,,2372,924,,485,47,,2374,696,,130,121,,463,185,,,,
2023-01-12,8714,0,2758,0,3.16,5472,1725,,219,127,,298,67,,2725,839,,1621,447,144,535,,753,249,73,256,,1908,448,,288,219,,176,257,,264,39,,221,8,,2206,492,,303,144,,2372,924,,485,47,,2374,696,,130,121,,463,185,,,,
2023-01-13,8744,30,2770,12,3.16,5496,1735,,220,128,,298,67,,2730,840,,1626,448,144,537,,756,251,74,256,,1912,448,,288,221,,177,260,,265,39,,221,8,,2216,495,,304,144,,2377,929,,486,47,,2382,699,,130,121,,466,186,,,,
2023-01-14,8691,-53,2771,1,3.14,5469,1736,,220,128,,293,67,,2709,840,,1614,448,144,535,,751,252,74,255,,1902,448,,287,221,,172,260,,265,39,,220,8,,2201,495,,304,144,,2361,929,,485,47,,2365,700,,130,121,,464,186,,,,
2023-01-15,8708,17,2809,38,3.10,5482,1772,,221,129,,293,68,,2712,840,,1614,449,144,535,,754,255,74,256,,1910,449,,289,221,,173,261,,265,39,,220,8,,2203,495,,304,144,,2372,931,,485,47,,2368,704,,130,142,,465,194,,,,
2023-01-16,8708,0,2802,-7,3.11,5482,1765,,221,129,,293,68,,2712,840,,1614,449,144,535,,754,255,74,256,,1910,449,,289,221,,173,261,,265,39,,220,8,,2203,495,,304,144,,2372,931,,485,47,,2368,704,,130,135,,465,194,,,,
2023-01-17,8736,28,2809,7,3.11,5506,1771,,222,128,,293,68,,2715,842,,1619,449,144,536,,754,254,74,256,,1925,451,,289,223,,173,263,,266,39,,220,8,,2208,497,,304,144,,2387,937,,486,47,,2373,703,,130,135,,466,194,,"17,688,845.00","8,103,145.00","9,585,700.00"
2023-01-18,8736,0,2809,0,3.11,5506,1771,,222,128,,293,68,,2715,842,,1619,449,144,536,,754,254,74,256,,1925,451,,289,223,,173,263,,266,39,,220,8,,2208,497,,304,144,,2387,937,,486,47,,2373,703,,130,135,,466,194,,,,
2023-01-19,8785,49,2835,26,3.10,5538,1793,,225,129,,292,68,,2730,845,,1630,450,144,538,,757,255,74,257,,1933,456,,291,224,,174,266,,266,40,,220,8,,2218,505,,311,147,,2398,946,,486,48,,2387,705,,132,138,,470,195,,,,
2023-01-20,8785,0,2835,0,3.10,5538,1793,,225,129,,292,68,,2730,845,,1630,450,144,538,,757,255,74,257,,1933,456,,291,224,,174,266,,266,40,,220,8,,2218,505,,311,147,,2398,946,,486,48,,2387,705,,132,138,,470,195,,,,
2023-01-21,8818,33,2844,9,3.10,5560,1797,,226,129,,292,69,,2740,849,,1634,450,144,540,,759,256,74,257,,1941,458,,291,224,,174,267,,266,40,,222,8,,2228,504,,312,153,,2406,949,,488,48,,2393,706,,132,138,,473,195,,,,
2023-01-22,8818,0,2844,0,3.10,5560,1797,,226,129,,292,69,,2740,849,,1634,450,144,540,,759,256,74,257,,1941,458,,291,224,,174,267,,266,40,,222,8,,2228,504,,313,153,,2406,949,,488,48,,2393,706,,132,138,,473,195,,,,
2023-01-23,8851,33,2845,1,3.11,5575,1796,,232,129,,297,69,,2747,851,,1642,449,144,543,,759,256,74,255,,1958,459,,291,224,,175,268,,266,40,,224,8,,2233,504,,313,153,,2424,951,,490,48,,2401,705,,131,138,,475,195,,,,
2023-01-24,8851,0,2845,0,3.11,5575,1796,,232,129,,297,69,,2747,851,,1642,449,144,543,,759,256,74,255,,1958,459,,291,224,,175,268,,266,40,,224,8,,2233,504,,313,153,,2424,951,,490,48,,2401,705,,131,138,,475,195,,"17,923,566.00","8,153,325.00","9,770,241.00"
2023-01-25,8887,36,2852,7,3.12,5605,1801,,233,130,,299,70,,2750,851,,1646,449,144,545,,764,257,74,256,,1968,461,,292,224,,176,269,,267,40,,225,8,,2236,504,,315,154,,2436,954,,492,48,,2410,706,,133,138,,479,196,,,,
2023-01-26,8887,0,2852,0,3.12,5605,1801,,233,130,,299,70,,2750,851,,1646,449,144,545,,764,257,74,256,,1968,461,,292,224,,176,269,,267,40,,225,8,,2236,504,,315,154,,2436,954,,492,48,,2410,706,,133,138,,479,196,,,,
2023-01-27,8891,4,2866,14,3.10,5604,1813,,238,132,,300,71,,2749,850,,1650,450,143,544,,763,257,74,256,,1980,464,,292,225,,175,270,,267,40,,225,8,,2237,505,,317,154,,2447,959,,492,48,,2413,707,,133,140,,481,200,,,,
2023-01-28,8891,0,2866,0,3.10,5604,1813,,238,132,,300,71,,2749,850,,1650,450,143,544,,763,257,74,256,,1980,464,,292,225,,175,270,,267,40,,225,8,,2237,505,,317,154,,2447,959,,492,48,,2413,707,,133,140,,481,200,,,,
2023-01-29,8953,62,2886,20,3.10,5654,1822,,239,134,,305,71,,2755,859,,1661,453,144,546,,767,258,75,256,,1987,471,,294,225,,175,272,,268,42,,225,8,,2245,506,,318,155,,2456,968,,493,50,,2428,711,,133,140,,488,204,,,,
2023-01-30,8953,0,2885,-1,3.10,5654,1821,,239,134,,305,71,,2755,859,,1661,453,144,546,,767,258,75,256,,1987,470,,294,225,,175,272,,268,42,,225,8,,2245,506,,318,155,,2456,967,,493,50,,2428,711,,133,140,,488,204,,,,
2023-01-31,8953,0,2885,0,3.10,5654,1821,,239,134,,305,71,,2755,859,,1664,453,144,546,,767,258,75,256,,1991,470,,295,225,,175,272,,268,42,,225,8,,2245,506,,318,155,,2461,967,,493,50,,2431,711,,133,140,,488,205,,"18,159,214.00","8,207,472.00","9,951,742.00"
2023-02-01,9001,48,2885,0,3.12,5694,1821,,242,134,,306,71,,2759,859,,1671,453,144,545,,771,258,75,257,,1998,470,,295,225,,176,272,,268,42,,225,8,,2256,506,,327,155,,2469,967,,493,50,,2442,711,,134,140,,491,205,,,,
2023-02-02,9001,0,2885,0,3.12,5694,1821,,242,134,,306,71,,2759,859,,1671,453,144,545,,771,258,75,257,,1998,470,,295,225,,176,273,,268,42,,225,8,,2256,506,,327,155,,2469,968,,493,50,,2442,711,,134,140,,491,205,,,,
2023-02-03,9019,18,2916,31,3.09,5708,1836,,243,137,,307,74,,2761,869,,1673,461,144,546,,772,260,75,258,,2003,473,,295,227,,176,273,,268,42,,225,8,,2259,511,,328,160,,2474,973,,493,50,,2445,721,,135,140,,495,207,,,,
2023-02-04,9019,0,2915,-1,3.09,5708,1835,,243,137,,307,74,,2761,869,,1673,461,144,546,,772,260,75,258,,2003,473,,295,227,,176,273,,268,42,,225,8,,2259,511,,328,159,,2474,973,,493,50,,2445,721,,135,140,,495,207,,,,
2023-02-05,9019,0,2915,0,3.09,5708,1835,,243,137,,307,74,,2761,869,,1673,461,144,546,,772,260,75,258,,2003,473,,295,227,,176,273,,268,42,,225,8,,2259,511,,328,159,,2474,973,,493,50,,2445,721,,135,140,,495,207,,,,
2023-02-06,9034,15,2917,2,3.10,5717,1837,,243,137,,310,74,,2764,869,,1678,461,144,546,,772,260,75,258,,2006,475,,295,227,,176,273,,268,42,,225,8,,2259,511,,331,159,,2477,975,,493,50,,2450,721,,135,140,,499,207,,,,
2023-02-07,9085,51,2933,16,3.10,5751,1850,,248,135,,318,73,,2768,875,,1688,459,142,544,,775,262,76,258,,2022,476,,295,227,,175,274,,270,42,,230,8,,2263,513,,337,159,,2492,977,,500,50,,2463,721,,138,140,,497,208,,"18,379,904.00","8,253,693.00","10,126,211.00"
2023-02-08,9085,0,2933,0,3.10,5751,1850,,248,135,,318,73,,2768,875,,1688,459,142,544,,775,262,76,258,,2022,476,,295,227,,175,274,,270,42,,230,8,,2263,513,,337,159,,2492,977,,500,50,,2463,721,,138,140,,497,208,,,,
2023-02-09,9153,68,2936,3,3.12,5799,1853,,252,135,,334,73,,2768,875,,1713,457,142,546,,779,262,76,258,,2037,478,,295,227,,176,275,,273,42,,231,8,,2267,513,,342,160,,2508,980,,504,50,,2492,719,,140,141,,505,208,,,,
2023-02-10,9189,36,2940,4,3.13,5810,1857,,251,135,,358,73,,2770,875,,1720,457,142,546,,782,263,76,258,,2053,478,,295,227,,176,275,,273,42,,231,8,,2269,514,,341,161,,2524,980,,504,50,,2502,720,,140,141,,509,209,,,,
2023-02-11,9186,-3,2940,0,3.12,5809,1857,,252,135,,355,73,,2770,875,,1718,457,142,546,,780,263,76,258,,2053,478,,295,227,,176,275,,275,42,,231,8,,2269,514,,339,161,,2524,980,,506,50,,2498,720,,140,141,,509,209,,,,
2023-02-12,9224,38,2964,24,3.11,5840,1868,,253,137,,358,74,,2773,885,,1727,461,143,547,,785,266,79,259,,2063,488,,295,227,,177,278,,275,42,,231,8,,2281,514,,339,161,,2535,993,,506,50,,2512,727,,141,141,,510,212,,,,
2023-02-13,9224,0,2964,0,3.11,5840,1868,,253,137,,358,74,,2773,885,,1727,461,143,547,,785,266,79,259,,2063,488,,295,227,,177,278,,275,42,,231,8,,2281,514,,339,161,,2535,993,,506,50,,2512,727,,141,141,,510,212,,,,
2023-02-14,9255,31,2974,10,3.11,5859,1876,,259,138,,364,74,,2773,886,,1733,461,143,547,,787,267,79,259,,2076,490,,295,227,,177,278,,275,42,,231,8,,2281,514,,341,162,,2548,995,,506,50,,2520,728,,141,141,,515,214,,"18,606,941.00","8,309,940.00","10,297,001.00"
2023-02-15,9255,0,2974,0,3.11,5859,1876,,259,138,,364,74,,2773,886,,1733,461,143,547,,787,267,79,259,,2077,490,,295,227,,177,278,,275,42,,231,8,,2281,514,,341,162,,2549,995,,506,50,,2520,728,,141,141,,515,214,,,,
2023-02-16,9255,0,2974,0,3.11,5859,1876,,259,138,,364,74,,2773,886,,1733,461,143,547,,787,267,79,259,,2077,490,,295,227,,177,278,,275,42,,231,8,,2281,514,,341,162,,2549,995,,506,50,,2520,728,,141,141,,515,214,,,,
2023-02-17,9297,42,2987,13,3.11,5886,1884,,262,142,,366,75,,2783,886,,1748,467,143,548,,786,267,79,259,,2088,491,,296,227,,178,280,,278,42,,231,8,,2286,514,,341,163,,2562,998,,509,50,,2534,734,,141,142,,515,216,,,,
2023-02-18,9297,0,2987,0,3.11,5886,1884,,262,142,,366,75,,2783,886,,1748,467,143,548,,786,267,79,259,,2088,491,,296,227,,178,280,,278,42,,231,8,,2286,514,,341,163,,2562,998,,509,50,,2534,734,,141,142,,515,216,,,,
2023-02-19,9288,-9,2979,-8,3.12,5880,1878,,262,142,,365,75,,2781,884,,1746,467,143,548,,785,266,78,258,,2083,490,,296,227,,178,280,,278,42,,231,8,,2286,514,,341,163,,2557,997,,509,50,,2531,733,,141,142,,515,214,,,,
2023-02-20,9342,54,3001,22,3.11,5924,1895,,266,142,,369,76,,2783,888,,1762,470,144,548,,788,267,78,260,,2096,495,,297,228,,179,281,,281,42,,233,8,,2297,518,,342,170,,2572,1004,,514,50,,2550,737,,141,142,,516,214,,,,
2023-02-21,9342,0,3001,0,3.11,5924,1895,,266,142,,369,76,,2783,888,,1762,470,144,548,,788,267,78,260,,2096,495,,297,228,,179,281,,281,42,,233,8,,2299,518,,342,170,,2572,1004,,514,50,,2550,737,,141,142,,516,214,,"18,843,973.00","8,405,133.00","10,438,840.00"
2023-02-22,9368,26,3001,0,3.12,5942,1904,,268,143,,376,76,,2782,878,,1769,468,143,549,,789,267,81,260,,2108,493,,298,226,,180,288,,281,45,,233,9,,2299,517,,344,171,,2586,1007,,514,54,,2558,735,,141,143,,520,219,,,,
2023-02-23,9393,25,3002,1,3.13,5965,1905,,269,143,,374,76,,2785,878,,1772,468,143,548,,793,266,81,260,,2118,493,,298,226,,180,288,,283,46,,233,9,,2302,517,,345,172,,2596,1007,,516,55,,2565,734,,141,143,,524,219,,,,
2023-02-24,9393,0,3002,0,3.13,5965,1905,,269,143,,374,76,,2785,878,,1770,468,143,547,,793,266,81,260,,2118,493,,298,226,,180,288,,283,46,,233,9,,2302,517,,345,172,,2596,1007,,516,55,,2563,734,,141,143,,524,219,,,,
2023-02-25,9393,0,3002,0,3.13,5965,1905,,269,143,,374,76,,2785,878,,1770,468,143,547,,793,266,81,260,,2118,493,,298,226,,180,288,,282,46,,233,9,,2302,517,,345,172,,2596,1007,,515,55,,2563,734,,141,143,,524,219,,,,
2023-02-26,9395,2,3013,11,3.12,5964,1912,,270,146,,375,76,,2786,879,,1779,470,143,548,,794,268,82,260,,2126,493,,298,227,,181,288,,284,46,,233,9,,2309,518,,346,174,,2605,1008,,517,55,,2573,738,,142,143,,525,221,,,,
2023-02-27,9426,31,3013,0,3.13,5995,1912,,270,146,,375,76,,2786,879,,1779,470,143,548,,794,268,82,260,,2130,493,,298,227,,181,288,,284,46,,233,9,,2309,518,,346,174,,2609,1008,,517,55,,2573,738,,142,143,,525,221,,,,
2023-02-28,9441,15,3021,8,3.13,6007,1919,,270,147,,376,76,,2788,879,,1782,470,143,548,,794,268,82,260,,2135,494,,299,228,,182,289,,285,46,,233,9,,2311,521,,347,175,,2616,1011,,518,55,,2576,738,,142,143,,526,222,,"19,080,271.00","8,445,243.00","10,635,028.00"
2023-03-01,9441,0,3021,0,3.13,6007,1919,,270,147,,376,76,,2788,879,,1782,470,143,548,,794,268,82,260,,2135,494,,299,228,,182,289,,285,46,,233,9,,2311,521,,347,175,,2616,1011,,518,55,,2576,738,,142,143,,526,222,,,,
2023-03-02,9439,-2,3020,-1,3.13,6005,1918,,270,147,,376,76,,2788,879,,1781,470,143,548,,794,268,82,260,,2134,494,,299,228,,182,289,,285,46,,232,9,,2311,520,,347,175,,2615,1011,,517,55,,2575,738,,142,143,,526,222,,,,
2023-03-03,9473,34,3031,11,3.13,6034,1928,,270,148,,380,76,,2789,879,,1790,471,143,549,,797,271,82,261,,2151,495,,299,229,,182,289,,286,46,,232,9,,2311,521,,348,177,,2632,1013,,518,55,,2587,742,,142,143,,527,223,,,,
2023-03-04,9486,13,3030,-1,3.13,6047,1927,,270,148,,380,76,,2789,879,,1790,470,143,549,,797,271,82,261,,2151,495,,299,229,,182,289,,286,46,,232,9,,2315,521,,349,177,,2632,1013,,518,55,,2587,741,,142,143,,533,223,,,,
2023-03-05,9487,1,3028,-2,3.13,6048,1925,,270,148,,380,76,,2789,879,,1787,470,143,548,,797,271,82,261,,2150,494,,299,229,,182,289,,286,46,,232,9,,2315,520,,349,177,,2631,1012,,518,55,,2584,741,,142,143,,533,223,,,,
2023-03-06,9547,60,3055,27,3.13,6095,1941,,271,154,,386,78,,2795,882,,1810,472,143,550,,799,272,82,261,,2165,499,,301,231,,183,291,,288,46,,233,9,,2321,525,,352,179,,2649,1021,,521,55,,2609,744,,142,143,,539,230,,,,
2023-03-07,9540,-7,3055,0,3.12,6092,1941,,271,154,,383,78,,2794,882,,1807,472,143,549,,799,272,82,261,,2162,499,,301,232,,183,291,,286,46,,233,9,,2321,525,,352,179,,2646,1022,,519,55,,2606,744,,142,143,,539,231,,"19,293,161.00","8,469,320.00","10,823,841.00"
2023-03-08,9567,27,3065,10,3.12,6114,1947,,273,157,,381,78,,2799,883,,1819,472,143,550,,802,272,82,262,,2169,500,,302,233,,183,293,,286,46,,233,9,,2323,526,,353,179,,2654,1026,,519,55,,2621,744,,142,143,,540,233,,,,
2023-03-09,9567,0,3065,0,3.12,6114,1947,,273,157,,381,78,,2799,883,,1819,472,143,550,,802,272,82,262,,2169,500,,302,233,,183,293,,286,46,,233,9,,2323,526,,353,179,,2654,1026,,519,55,,2621,744,,142,143,,540,233,,,,
2023-03-10,9605,38,3071,6,3.13,6140,1951,,279,157,,382,78,,2804,885,,1825,474,145,550,,803,273,82,263,,2188,501,,303,232,,184,293,,286,47,,233,9,,2327,528,,354,179,,2675,1026,,519,56,,2628,747,,145,143,,542,233,,,,
2023-03-11,9605,0,3071,0,3.13,6140,1951,,279,157,,382,78,,2804,885,,1825,474,145,550,,803,273,82,263,,2188,501,,303,232,,184,293,,286,47,,233,9,,2327,528,,354,179,,2675,1026,,519,56,,2628,747,,145,143,,542,233,,,,
2023-03-12,9606,1,3079,8,3.12,6139,1958,,280,157,,382,78,,2805,886,,1831,475,145,550,,805,273,82,263,,2192,505,,304,232,,184,293,,287,47,,233,9,,2330,532,,356,179,,2680,1030,,520,56,,2636,748,,146,144,,545,233,,,,
2023-03-13,9628,22,3078,-1,3.13,6161,1958,,280,156,,382,78,,2805,886,,1831,475,145,550,,805,273,82,263,,2192,505,,304,232,,184,293,,287,47,,233,9,,2330,532,,356,179,,2680,1030,,520,56,,2636,748,,146,144,,545,232,,,,
2023-03-14,9628,0,3078,0,3.13,6161,1958,,280,156,,382,78,,2805,886,,1831,475,145,550,,805,273,82,263,,2192,505,,304,232,,184,293,,287,47,,233,9,,2330,532,,356,179,,2680,1030,,520,56,,2636,748,,146,144,,545,232,,"19,505,596.00","8,502,273.00","11,003,323.00"
2023-03-15,9678,50,3101,23,3.12,6200,1978,,282,157,,384,78,,2812,888,,1845,477,146,550,,811,279,82,264,,2206,508,,305,234,,186,294,,289,47,,232,9,,2335,535,,359,182,,2697,1036,,521,56,,2656,756,,147,144,,547,233,,,,
2023-03-16,9678,0,3101,0,3.12,6200,1978,,282,157,,384,78,,2812,888,,1845,477,146,550,,811,279,82,264,,2206,508,,305,234,,186,294,,289,47,,232,9,,2335,535,,359,182,,2697,1036,,521,56,,2656,756,,147,144,,547,233,,,,
2023-03-17,9678,0,3101,0,3.12,6200,1978,,282,157,,384,78,,2812,888,,1845,477,146,550,,811,279,82,264,,2206,508,,305,234,,186,294,,289,47,,232,9,,2335,535,,359,182,,2697,1036,,521,56,,2656,756,,147,144,,547,233,,,,
2023-03-18,9678,0,3101,0,3.12,6200,1978,,282,157,,384,78,,2812,888,,1845,477,146,550,,811,279,82,264,,2206,508,,305,234,,186,294,,289,47,,232,9,,2335,535,,359,182,,2697,1036,,521,56,,2656,756,,147,144,,547,233,,,,
2023-03-19,9740,62,3119,18,3.12,6249,1992,,285,159,,385,80,,2821,888,,1865,480,146,550,,813,277,82,264,,2217,512,,308,238,,186,297,,294,48,,233,9,,2348,536,,360,182,,2711,1047,,527,57,,2678,757,,148,143,,548,235,,,,
2023-03-20,9740,0,3119,0,3.12,6249,1992,,285,159,,385,80,,2821,888,,1865,480,146,550,,813,277,82,264,,2217,512,,308,238,,186,297,,294,48,,233,9,,2348,536,,360,182,,2711,1047,,527,57,,2678,757,,148,143,,548,235,,"19,729,989.00","8,541,875.00","11,188,114.00"
2023-03-21,9776,36,3126,7,3.13,6278,1995,,287,160,,385,80,,2826,891,,1871,480,146,550,,816,277,82,266,,2226,513,,311,238,,186,297,,296,48,,233,9,,2356,539,,361,183,,2723,1048,,529,57,,2687,757,,148,143,,551,236,,,,
2023-03-22,9776,0,3126,0,3.13,6278,1995,,287,160,,385,80,,2826,891,,1871,480,146,550,,816,277,82,266,,2226,513,,311,238,,186,297,,296,48,,233,9,,2356,539,,361,183,,2723,1048,,529,57,,2687,757,,148,143,,551,236,,,,
2023-03-23,9776,0,3126,0,3.13,6278,1995,,287,160,,385,80,,2826,891,,1871,480,146,550,,816,277,82,266,,2226,513,,311,238,,186,297,,296,48,,233,9,,2356,539,,361,183,,2723,1048,,529,57,,2687,757,,148,143,,551,236,,,,
2023-03-24,9786,10,3129,3,3.13,6287,1998,,287,160,,384,80,,2828,891,,1874,480,146,551,,816,277,82,266,,2228,513,,311,237,,187,299,,296,48,,233,9,,2360,540,,361,184,,2726,1049,,529,57,,2690,757,,148,143,,551,236,,,,
2023-03-25,9822,36,3149,20,3.12,6314,2013,,292,162,,380,83,,2836,891,,1889,486,146,552,,821,277,82,267,,2232,516,,309,241,,187,300,,297,48,,234,9,,2366,543,,361,184,,2728,1057,,531,57,,2710,763,,151,143,,552,242,,,,
2023-03-26,9842,20,3133,-16,3.14,6334,2005,,294,161,,376,83,,2838,884,,1895,484,145,552,,819,275,82,267,,2236,515,,309,236,,187,291,,298,48,,234,9,,2371,544,,362,184,,2732,1042,,532,57,,2714,759,,151,143,,553,243,,,,
2023-03-27,9874,32,3137,4,3.15,6360,2009,,297,161,,377,84,,2840,883,,1901,485,145,552,,818,275,82,266,,2245,516,,311,236,,187,289,,298,48,,235,9,,2377,544,,363,185,,2743,1041,,533,57,,2719,760,,152,144,,560,245,,,,
2023-03-28,9888,14,3145,8,3.14,6370,2013,,296,164,,378,85,,2844,883,,1901,488,145,553,,820,273,82,266,,2252,519,,311,237,,188,291,,298,48,,235,9,,2380,544,,363,185,,2751,1047,,533,57,,2721,761,,153,144,,560,246,,,,
2023-03-29,9894,6,3143,-2,3.15,6376,2014,,296,165,,380,85,,2842,879,,1903,488,144,552,,819,272,81,265,,2253,520,,310,236,,188,290,,298,48,,236,9,,2383,544,,363,185,,2751,1046,,534,57,,2722,760,,153,144,,561,246,,,,
2023-03-30,9923,29,3143,0,3.16,6394,2013,,301,167,,384,85,,2844,878,,1906,489,144,553,,821,273,81,265,,2262,521,,310,237,,188,289,,298,48,,236,9,,2389,536,,365,185,,2760,1047,,534,57,,2727,762,,153,144,,562,251,,,,
2023-03-31,9923,0,3143,0,3.16,6394,2013,,301,167,,384,85,,2844,878,,1906,489,144,553,,821,273,81,265,,2262,521,,310,237,,188,289,,298,48,,236,9,,2389,536,,365,185,,2760,1047,,534,57,,2727,762,,153,144,,562,251,,,,
2023-04-01,9943,20,3143,0,3.16,6412,2014,,301,166,,384,85,,2845,878,,1908,489,144,553,,821,273,81,264,,2267,522,,308,238,,188,285,,298,48,,238,9,,2400,539,,365,185,,2763,1045,,536,57,,2729,762,,155,144,,565,252,,,,
2023-04-02,9938,-5,3152,9,3.15,6412,2025,,301,165,,384,85,,2841,877,,1909,488,143,553,,820,273,80,264,,2268,523,,308,239,,188,286,,298,48,,238,9,,2394,542,,364,186,,2764,1048,,536,57,,2729,761,,155,144,,567,253,,,,
2023-04-03,9951,13,3170,18,3.14,6422,2036,,303,174,,386,87,,2840,873,,1916,486,143,553,,820,273,79,264,,2271,522,,306,239,,189,285,,298,48,,237,9,,2396,547,,364,186,,2766,1046,,535,57,,2736,759,,155,146,,569,255,,,,
2023-04-04,9976,25,3149,-21,3.17,6446,2021,,303,174,,389,87,,2838,867,,1924,484,143,553,,825,271,79,264,,2271,518,,307,244,,189,279,,298,48,,238,9,,2402,542,,364,184,,2767,1041,,536,57,,2749,755,,155,144,,570,255,,,,
2023-04-05,9984,8,3150,1,3.17,6455,2021,,303,175,,390,88,,2836,866,,1923,482,142,553,,825,271,79,264,,2275,518,,306,244,,189,279,,298,48,,239,9,,2404,543,,365,184,,2770,1041,,537,57,,2748,753,,156,144,,572,256,,,,
2023-04-06,9986,2,3149,-1,3.17,6459,2020,,303,175,,390,88,,2834,866,,1924,482,142,553,,826,271,79,264,,2276,518,,305,242,,189,279,,298,48,,239,9,,2406,551,,365,184,,2770,1039,,537,57,,2750,753,,156,145,,572,256,,,,
2023-04-07,9995,9,3153,4,3.17,6468,2024,,303,175,,392,88,,2832,866,,1927,480,141,553,,826,272,80,264,,2278,519,,304,242,,189,279,,298,48,,239,9,,2406,553,,367,186,,2771,1040,,537,57,,2753,752,,157,145,,576,256,,,,
2023-04-08,10005,10,3162,9,3.16,6473,2031,,304,176,,394,89,,2834,866,,1928,480,140,554,,827,271,80,265,,2282,522,,304,244,,189,281,,299,48,,241,10,,2405,553,,367,188,,2775,1047,,540,58,,2755,751,,157,145,,577,257,,,,
2023-04-09,10009,4,3164,2,3.16,6477,2032,,304,176,,394,89,,2834,867,,1928,480,140,554,,827,270,80,265,,2284,523,,304,244,,189,281,,299,48,,240,10,,2405,554,,369,188,,2777,1048,,539,58,,2755,750,,158,145,,577,258,,,,
2023-04-10,10015,6,3153,-11,3.18,6485,2025,,305,175,,394,89,,2831,864,,1929,479,140,554,,828,265,78,265,,2284,521,,304,243,,189,280,,298,48,,240,10,,2409,553,,370,188,,2777,1044,,538,58,,2757,744,,158,146,,577,257,,,,
2023-04-11,10013,-2,3151,-2,3.18,6490,2022,,305,176,,390,90,,2828,863,,1916,480,141,551,,828,265,78,265,,2284,520,,306,245,,190,278,,298,48,,240,10,,2414,550,,370,188,,2780,1043,,538,58,,2744,745,,159,146,,577,258,,,,
2023-04-12,10014,1,3150,-1,3.18,6493,2021,,304,176,,390,90,,2827,863,,1908,480,141,549,,829,264,78,265,,2286,519,,306,245,,190,278,,298,48,,240,10,,2419,550,,370,188,,2782,1042,,538,58,,2737,744,,159,146,,578,259,,,,
2023-04-13,10014,0,3150,0,3.18,6493,2021,,304,176,,390,90,,2827,863,,1908,480,141,549,,829,264,78,265,,2286,519,,306,245,,190,278,,298,48,,240,10,,2419,550,,370,188,,2782,1042,,538,58,,2737,744,,159,146,,578,259,,,,
2023-04-14,10014,0,3150,0,3.18,6493,2021,,304,176,,390,90,,2827,863,,1908,480,141,549,,829,264,78,265,,2286,519,,306,245,,190,278,,298,48,,240,10,,2419,550,,370,188,,2782,1042,,538,58,,2737,744,,159,146,,578,259,,,,
2023-04-15,10014,0,3150,0,3.18,6493,2021,,304,176,,390,90,,2827,863,,1908,480,141,549,,829,264,78,265,,2286,519,,306,245,,190,278,,298,48,,240,10,,2419,550,,370,188,,2782,1042,,538,58,,2737,744,,159,146,,578,259,,,,
2023-04-16,10035,21,3158,8,3.18,6516,2027,,306,177,,391,89,,2822,865,,1901,479,140,544,,833,265,78,265,,2298,522,,306,245,,193,280,,298,48,,240,10,,2426,553,,372,190,,2797,1047,,538,58,,2734,744,,160,147,,578,257,,,,
2023-04-17,10055,20,3173,15,3.17,6534,2037,,307,182,,391,90,,2823,864,,1902,482,140,544,,834,264,77,265,,2303,524,,306,246,,193,280,,298,48,,241,10,,2432,555,,372,191,,2802,1050,,539,58,,2736,746,,161,147,,581,260,,,,
2023-04-18,10064,9,3175,2,3.17,6541,2039,,307,182,,391,90,,2825,864,,1903,482,140,544,,834,264,77,265,,2304,524,,306,246,,193,280,,298,48,,241,10,,2436,555,,374,191,,2803,1050,,539,58,,2737,746,,161,149,,582,260,,,,
2023-04-19,10064,0,3175,0,3.17,6541,2039,,307,182,,391,90,,2825,864,,1903,482,140,544,,834,264,77,265,,2304,524,,306,246,,193,280,,298,48,,241,10,,2436,555,,374,191,,2803,1050,,539,58,,2737,746,,161,149,,582,260,,,,